file,mode,key,old,new,unit,status,context
data/observations2/contact/contact-02.json,contact-02-em01,3,4,5,knots,replaced,"rotated on the computed speed and held the takeoff airspeed excess to about 4 knots fast, due to the pitch correction through the transition being a shad"
data/observations2/contact/contact-02.json,contact-02-em01,1,9,10,knots,replaced,"irspeed to the level expected at this stage, with the excess settling about 9 knots fast, near the upper part of the one-sided tolerance, due to the scan"
data/observations2/contact/contact-02.json,contact-02-em02,3,4,5,feet,replaced,"SP held lateral deviation to about 4 feet through the takeoff roll, due to the rudder input at power applicatio"
data/observations2/contact/contact-02.json,contact-02-tm09,3,4,5,feet,replaced,"tely neutral during the takeoff roll and held the ground track within about 4 feet of the centerline, due to the backstick input at rotation being intro"
data/observations2/contact/contact-02.json,contact-02-tm10,3,4,5,feet,replaced,"control inputs as airspeed increased and held centerline deviation to about 4 feet, due to one input late in the roll being sized for the aircraft's ear"
data/observations2/contact/contact-02.json,contact-02-tm11,3,4,5,feet,replaced,"the crosswind and kept the wings level with lateral deviation held to about 4 feet, due to the prepositioned aileron being adjusted a shade later than i"
data/observations2/contact/contact-03.json,contact-03-em01,3,110,150,feet,replaced,"SP held the assigned departure altitude within about 110 feet through the transition, due to one correction for a mild tendency to "
data/observations2/contact/contact-03.json,contact-03-em01,1,280,300,feet,replaced,"tude to the level expected at this stage, with the excursion reaching about 280 feet, near the upper part of the tolerance, due to the lead point for the "
data/observations2/contact/contact-03.json,contact-03-em02,3,8,10,knots,replaced,"SP kept the departure airspeed within about 8 knots throughout the climb, due to one power adjustment being made in a sli"
data/observations2/contact/contact-03.json,contact-03-em02,1,19,20,knots,replaced,"peed to the level expected at this stage, with the deviation reaching about 19 knots, near the upper part of the tolerance, due to the cross-check returni"
data/observations2/contact/contact-03.json,contact-03-em03,3,4,5,degrees,replaced,"SP rolled out on the published exit heading within about 4 degrees, due to the drift correction for the wind being applied a beat after "
data/observations2/contact/contact-03.json,contact-03-em03,1,9,10,degrees,replaced," heading to the level expected at this stage, with the error settling about 9 degrees, near the upper part of the tolerance, due to the turn rate not being"
data/observations2/contact/contact-03.json,contact-03-tm01,3,110,150,feet,replaced,"mation all completed, due to the departure profile deviation reaching about 110 feet while the second handle movement was being made. This is consistent w"
data/observations2/contact/contact-03.json,contact-03-tm01,1,280,300,feet,replaced,"ed at this stage, with the departure climb profile deviation reaching about 280 feet, near the upper part of the tolerance, due to the intercockpit call a"
data/observations2/contact/contact-03.json,contact-03-tm02,1,19,20,knots,replaced,"imit to the level expected at this stage, with the margin at the call about 19 knots, near the upper part of the tolerance, due to the flap gauge being cr"
data/observations2/contact/contact-03.json,contact-03-tm03,1,280,300,feet,replaced,"ure climb to the level expected at this stage, with altitude reaching about 280 feet and heading about 9 degrees off, near the upper part of both toleranc"
data/observations2/contact/contact-03.json,contact-03-tm03,1,9,10,degrees,replaced,"cted at this stage, with altitude reaching about 280 feet and heading about 9 degrees off, near the upper part of both tolerances, due to the trim used in "
data/observations2/contact/contact-03.json,contact-03-tm04,3,8,10,knots,replaced," adjusted pitch as required, with the shortfall from the band held to about 8 knots, due to the pitch being lowered a beat later than the ideal point as "
data/observations2/contact/contact-03.json,contact-03-tm04,1,19,20,knots,replaced,"band to the level expected at this stage, with the shortfall reaching about 19 knots below the band before it was corrected, near the upper part of the to"
data/observations2/contact/contact-03.json,contact-03-tm05,3,4,5,degrees,replaced," feet AGL before starting the first turn, with heading held to within about 4 degrees, due to both gates being checked a beat after they were technically m"
data/observations2/contact/contact-03.json,contact-03-tm05,1,9,10,degrees,replaced,"level expected at this stage, with the resulting track error reaching about 9 degrees, near the upper part of the tolerance, due to the turn being started "
data/observations2/contact/contact-03.json,contact-03-tm06,1,9,10,degrees,replaced,"is stage, with the runway alignment error on the takeoff leg reaching about 9 degrees, near the upper part of the tolerance, due to the into-wind aileron b"
data/observations2/contact/contact-03.json,contact-03-tm07,1,280,300,feet,replaced,"eferences to the level expected at this stage, with altitude reaching about 280 feet and heading about 9 degrees off, near the upper part of both toleranc"
data/observations2/contact/contact-03.json,contact-03-tm07,1,9,10,degrees,replaced,"cted at this stage, with altitude reaching about 280 feet and heading about 9 degrees off, near the upper part of both tolerances, due to the scan returnin"
data/observations2/contact/contact-03.json,contact-03-tm08,3,110,150,feet,replaced,"g both with aircraft control so the assigned altitude was held within about 110 feet, due to the operations check beginning a beat before the level off wa"
data/observations2/contact/contact-03.json,contact-03-tm08,1,280,300,feet,replaced,"level off to the level expected at this stage, with altitude reaching about 280 feet during the check, near the upper part of the tolerance, due to the op"
data/observations2/contact/contact-04.json,contact-04-em01,3,110,150,feet,replaced,"he altitudes assigned for the flight with deviations contained inside about 110 feet, due to one correction being applied a beat later than the trend firs"
data/observations2/contact/contact-04.json,contact-04-em01,1,280,300,feet,replaced,"area to the level expected at this stage, with the deviation reaching about 280 feet, near the upper part of the tolerance, due to the altimeter cross-che"
data/observations2/contact/contact-04.json,contact-04-em02,3,8,10,knots,replaced," while working in the assigned area, with deviations contained inside about 8 knots, due to one power change being anticipated a beat later than the atti"
data/observations2/contact/contact-04.json,contact-04-em02,1,19,20,knots,replaced,"area to the level expected at this stage, with the deviation reaching about 19 knots, near the upper part of the tolerance, due to attention concentrated "
data/observations2/contact/contact-04.json,contact-04-em03,3,4,5,degrees,replaced,"gned area on the required exit heading with an error contained inside about 4 degrees, due to the rollout lead being judged a shade short for the bank bein"
data/observations2/contact/contact-04.json,contact-04-em03,1,9,10,degrees,replaced,"the area to the level expected at this stage, with the error settling about 9 degrees, near the upper part of the tolerance, due to the rate of roll not be"
data/observations2/contact/contact-04.json,contact-04-em04,3,110,150,feet,replaced,"ned the assigned area throughout the sortie with altitude held inside about 110 feet, due to one maneuver being planned with a lateral margin a shade narr"
data/observations2/contact/contact-04.json,contact-04-em04,1,280,300,feet,replaced,"ight area to the level expected at this stage, with altitude reaching about 280 feet from the block and the lateral margin at its narrowest during the man"
data/observations2/contact/contact-04.json,contact-04-em05,3,110,150,feet,replaced,"thin the altitudes assigned for the flight, with altitude held inside about 110 feet, due to one reference point being identified a moment after it was re"
data/observations2/contact/contact-04.json,contact-04-em05,1,280,300,feet,replaced,"to the level expected at this stage, with altitude deviation reaching about 280 feet, near the upper part of the tolerance, due to characteristic points b"
data/observations2/contact/contact-04.json,contact-04-em06,1,9,10,degrees,replaced," to the level expected at this stage, with the resulting exit heading about 9 degrees off, near the upper part of the tolerance, due to the navigation sour"
data/observations2/contact/contact-04.json,contact-04-em07,3,110,150,feet,replaced,"the exit heading held within about 3 to 4 degrees and altitude within about 110 feet, due to the fuel and time check being made a beat after the planned d"
data/observations2/contact/contact-04.json,contact-04-em07,1,9,10,degrees,replaced,"o the level expected at this stage, with the exit heading toward base about 9 degrees off and altitude about 280 feet from that assigned, due to attention "
data/observations2/contact/contact-04.json,contact-04-em07,1,280,300,feet,replaced,"e, with the exit heading toward base about 9 degrees off and altitude about 280 feet from that assigned, due to attention held on completing the last sequ"
data/observations2/contact/contact-04.json,contact-04-tm01,3,110,150,feet,replaced,"I deflection to keep the area center identified, altitude held inside about 110 feet, due to the setup being rechecked a beat after the reversal turn rath"
data/observations2/contact/contact-04.json,contact-04-tm01,1,280,300,feet,replaced,"to the level expected at this stage, with altitude deviation reaching about 280 feet, near the upper part of the tolerance, due to the toward-the-CDI rule"
data/observations2/contact/contact-04.json,contact-04-tm02,3,110,150,feet,replaced,"the head of the bearing pointer between the two, altitude held inside about 110 feet, due to the two references being rechecked a beat after the working h"
data/observations2/contact/contact-04.json,contact-04-tm02,1,280,300,feet,replaced,"to the level expected at this stage, with altitude deviation reaching about 280 feet, near the upper part of the tolerance, due to the head of the bearing"
data/observations2/contact/contact-04.json,contact-04-tm03,3,110,150,feet,replaced,"required so range stayed inside the area limits, altitude held inside about 110 feet, due to one range check being made a beat after the heading change th"
data/observations2/contact/contact-04.json,contact-04-tm03,1,280,300,feet,replaced,"to the level expected at this stage, with altitude deviation reaching about 280 feet, near the upper part of the tolerance, due to DME being included in t"
data/observations2/contact/contact-04.json,contact-04-tm04,3,110,150,feet,replaced," area and displayed it before entering the area, altitude held inside about 110 feet, due to the depicted boundaries being checked against the clearance a"
data/observations2/contact/contact-04.json,contact-04-tm04,1,280,300,feet,replaced,"to the level expected at this stage, with altitude deviation reaching about 280 feet, near the upper part of the tolerance, due to the displayed boundarie"
data/observations2/contact/contact-04.json,contact-04-tm05,3,110,150,feet,replaced,"GPS control head to keep adjacent areas in view, altitude held inside about 110 feet, due to the scale being reset a beat after the working position chang"
data/observations2/contact/contact-04.json,contact-04-tm05,1,280,300,feet,replaced,"to the level expected at this stage, with altitude deviation reaching about 280 feet, near the upper part of the tolerance, due to the map scale being lef"
data/observations2/contact/contact-04.json,contact-04-tm06,3,110,150,feet,replaced,"d verified them against the GPS or VOR with DME, altitude held inside about 110 feet, due to one verification being made a beat after the ground reference"
data/observations2/contact/contact-04.json,contact-04-tm06,1,280,300,feet,replaced,"to the level expected at this stage, with altitude deviation reaching about 280 feet, near the upper part of the tolerance, due to the composite crosschec"
data/observations2/contact/contact-04.json,contact-04-tm07,3,8,10,knots,replaced,"ay between the top and bottom area limits, entry airspeed held within about 8 knots and altitude within about 110 feet of the assigned block, due to one "
data/observations2/contact/contact-04.json,contact-04-tm07,3,110,150,feet,replaced," limits, entry airspeed held within about 8 knots and altitude within about 110 feet of the assigned block, due to one repositioning climb being started a"
data/observations2/contact/contact-04.json,contact-04-tm07,1,19,20,knots,replaced,"e area block to the level expected at this stage, with entry airspeed about 19 knots below the optimum band and altitude about 280 feet from the block, du"
data/observations2/contact/contact-04.json,contact-04-tm07,1,280,300,feet,replaced,"ith entry airspeed about 19 knots below the optimum band and altitude about 280 feet from the block, due to the working altitude being allowed to drift to"
data/observations2/contact/contact-04.json,contact-04-tm08,3,8,10,knots,replaced,"ed, pairing energy losers with energy gainers, entry airspeeds within about 8 knots of the planned values and altitude within about 110 feet of the block"
data/observations2/contact/contact-04.json,contact-04-tm08,3,110,150,feet,replaced,"speeds within about 8 knots of the planned values and altitude within about 110 feet of the block, due to one pairing being adjusted a beat after the mism"
data/observations2/contact/contact-04.json,contact-04-tm08,1,19,20,knots,replaced,"xpected at this stage, with entry airspeed for the following maneuver about 19 knots off and altitude about 280 feet from the block, due to the exit airsp"
data/observations2/contact/contact-04.json,contact-04-tm08,1,280,300,feet,replaced,"y airspeed for the following maneuver about 19 knots off and altitude about 280 feet from the block, due to the exit airspeed of one maneuver not being ch"
data/observations2/contact/contact-05.json,contact-05-em01,3,110,150,feet,replaced,SP held the assigned altitude within about 110 feet during straight and level flight and in turns up to 60 degrees of ban
data/observations2/contact/contact-05.json,contact-05-em01,1,290,300,feet,replaced,"bank to the level expected at this stage, with the deviation reaching about 290 feet, near the upper part of the tolerance, due to the back pressure at tu"
data/observations2/contact/contact-05.json,contact-05-em02,3,8,10,knots,replaced,"SP held the briefed airspeed within about 8 knots through all flight phases and maneuvers, due to one power adjustment "
data/observations2/contact/contact-05.json,contact-05-em02,1,19,20,knots,replaced,"urns to the level expected at this stage, with the deviation reaching about 19 knots, near the upper part of the tolerance, due to the power setting being"
data/observations2/contact/contact-05.json,contact-05-em03,3,4,5,degrees,replaced,"SP rolled out within about 4 degrees of the assigned exit heading on each turn, due to the rollout lead be"
data/observations2/contact/contact-05.json,contact-05-em03,1,9,10,degrees,replaced," heading to the level expected at this stage, with the error settling about 9 degrees, near the upper part of the tolerance, due to the rollout lead not be"
data/observations2/contact/contact-05.json,contact-05-em04,1,290,300,feet,replaced,"dder trim to the level expected at this stage, with altitude reaching about 290 feet and heading about 9 degrees off, near the upper part of both toleranc"
data/observations2/contact/contact-05.json,contact-05-em04,1,9,10,degrees,replaced,"cted at this stage, with altitude reaching about 290 feet and heading about 9 degrees off, near the upper part of both tolerances, due to the rudder trim f"
data/observations2/contact/contact-05.json,contact-05-em06,3,8,10,knots,replaced,"ather than movements, altitude held to about 110 feet and airspeed to about 8 knots, due to one input being a shade firmer than the deviation called for "
data/observations2/contact/contact-05.json,contact-05-em07,1,290,300,feet,replaced,"pected at this stage, with the associated altitude deviation reaching about 290 feet, near the upper part of the tolerance, due to one selection being con"
data/observations2/contact/contact-05.json,contact-05-em08,1,290,300,feet,replaced,"pected at this stage, with the associated altitude deviation reaching about 290 feet, near the upper part of the tolerance, due to one check being started"
data/observations2/contact/contact-05.json,contact-05-em10,1,290,300,feet,replaced,"pected at this stage, with the associated altitude deviation reaching about 290 feet, near the upper part of the tolerance, due to the suspect indication "
data/observations2/contact/contact-05.json,contact-05-tm01,3,4,5,degrees,replaced,"imultaneously in the direction of the turn, exit headings made within about 4 degrees, due to rudder pressure being a shade lighter on the rollout than on "
data/observations2/contact/contact-05.json,contact-05-tm01,1,9,10,degrees,replaced,"he level expected at this stage, with the exit heading error settling about 9 degrees, near the upper part of the tolerance, due to rudder pressure being h"
data/observations2/contact/contact-05.json,contact-05-tm02,3,4,5,degrees,replaced,"tred with rudder pressure rather than with bank, exit headings within about 4 degrees, due to one turn carrying a shade more bank than the turn rate requir"
data/observations2/contact/contact-05.json,contact-05-tm02,1,9,10,degrees,replaced,"he level expected at this stage, with the exit heading error settling about 9 degrees, near the upper part of the tolerance, due to the turn and slip indic"
data/observations2/contact/contact-05.json,contact-05-tm03,3,4,5,degrees,replaced,"vanced and applied left rudder on the reductions, heading held within about 4 degrees, due to the rudder input being a shade under the ideal proportion for"
data/observations2/contact/contact-05.json,contact-05-tm03,1,9,10,degrees,replaced," to the level expected at this stage, with the heading error settling about 9 degrees, near the upper part of the tolerance, due to the rudder input not be"
data/observations2/contact/contact-05.json,contact-05-tm04,1,290,300,feet,replaced,"lled rate to the level expected at this stage, with altitude reaching about 290 feet and heading about 9 degrees off, near the upper part of both toleranc"
data/observations2/contact/contact-05.json,contact-05-tm04,1,9,10,degrees,replaced,"cted at this stage, with altitude reaching about 290 feet and heading about 9 degrees off, near the upper part of both tolerances, due to one correction be"
data/observations2/contact/contact-05.json,contact-05-tm05,3,110,150,feet,replaced,"s for the small changes not readily noticed outside, altitude held to about 110 feet, due to the distribution drifting a shade toward the inside during on"
data/observations2/contact/contact-05.json,contact-05-tm05,1,290,300,feet,replaced,"struments to the level expected at this stage, with altitude reaching about 290 feet, near the upper part of the tolerance, due to the crosscheck holding "
data/observations2/contact/contact-05.json,contact-05-tm06,1,290,300,feet,replaced," to the level expected at this stage, with the altitude loss reaching about 290 feet, near the upper part of the tolerance, due to the VSI being crosschec"
data/observations2/contact/contact-05.json,contact-05-tm07,1,290,300,feet,replaced,"d forearm to the level expected at this stage, with altitude reaching about 290 feet, near the upper part of the tolerance, due to the grip tightening sli"
data/observations2/contact/contact-05.json,contact-05-tm08,3,110,150,feet,replaced,"r lever to obtain the desired airspeed, the level-off captured within about 110 feet, due to one lead point being computed a beat after the VSI was checke"
data/observations2/contact/contact-05.json,contact-05-tm08,1,290,300,feet,replaced,"-off to the level expected at this stage, with the overshoot reaching about 290 feet, near the upper part of the tolerance, due to the lead point being re"
data/observations2/contact/contact-06.json,contact-06-em02,1,290,300,feet,replaced," the AGSM to the level expected at this stage, with altitude reaching about 290 feet and exit heading about 9 degrees off during the correction, near the "
data/observations2/contact/contact-06.json,contact-06-em02,1,9,10,degrees,replaced,"at this stage, with altitude reaching about 290 feet and exit heading about 9 degrees off during the correction, near the upper part of both tolerances, du"
data/observations2/contact/contact-06.json,contact-06-em05,1,290,300,feet,replaced,"maneuvers to the level expected at this stage, with altitude reaching about 290 feet and exit heading about 9 degrees off during the correction, near the "
data/observations2/contact/contact-06.json,contact-06-em05,1,9,10,degrees,replaced,"at this stage, with altitude reaching about 290 feet and exit heading about 9 degrees off during the correction, near the upper part of both tolerances, du"
data/observations2/contact/contact-06.json,contact-06-em06,3,110,150,feet,replaced,"SP maintained the assigned altitude within about 110 feet throughout the maneuvers requiring more than 3Gs, keeping the altimet"
data/observations2/contact/contact-06.json,contact-06-em06,1,290,300,feet,replaced,"e 3G to the level expected at this stage, with the deviation reaching about 290 feet, near the upper part of the tolerance, due to the altimeter returning"
data/observations2/contact/contact-06.json,contact-06-em07,3,8,10,knots,replaced,"SP maintained the target airspeed within about 8 knots throughout the maneuvers requiring more than 3Gs, matching power to t"
data/observations2/contact/contact-06.json,contact-06-em07,1,19,20,knots,replaced,"e 3G to the level expected at this stage, with the deviation reaching about 19 knots, near the upper part of the tolerance, due to a power setting being h"
data/observations2/contact/contact-06.json,contact-06-em08,3,4,5,degrees,replaced,"SP exited each high-G maneuver within about 4 degrees of the planned heading, leading the rollout appropriately for the ban"
data/observations2/contact/contact-06.json,contact-06-em08,1,9,10,degrees,replaced,"euvering to the level expected at this stage, with the error reaching about 9 degrees, near the upper part of the tolerance, due to the rollout lead point "
data/observations2/contact/contact-06.json,contact-06-tm02,1,290,300,feet,replaced,"increased to the level expected at this stage, with altitude reaching about 290 feet and exit heading about 9 degrees off during the correction, near the "
data/observations2/contact/contact-06.json,contact-06-tm02,1,9,10,degrees,replaced,"at this stage, with altitude reaching about 290 feet and exit heading about 9 degrees off during the correction, near the upper part of both tolerances, du"
data/observations2/contact/contact-06.json,contact-06-tm03,1,290,300,feet,replaced,"d portion to the level expected at this stage, with altitude reaching about 290 feet and exit heading about 9 degrees off during the correction, near the "
data/observations2/contact/contact-06.json,contact-06-tm03,1,9,10,degrees,replaced,"at this stage, with altitude reaching about 290 feet and exit heading about 9 degrees off during the correction, near the upper part of both tolerances, du"
data/observations2/contact/contact-06.json,contact-06-tm05,3,110,150,feet,replaced,"he AGSM and the personal G-tolerance for the sortie, altitude held to about 110 feet and airspeed to about 8 knots, due to the exercise being flown a shad"
data/observations2/contact/contact-06.json,contact-06-tm06,3,110,150,feet,replaced,"termine G-tolerance before the target G was reached, altitude held to about 110 feet and airspeed to about 8 knots, due to the build-up quickening a shade"
data/observations2/contact/contact-07.json,contact-07-em01,3,110,150,feet,replaced,"SP maintained the entry altitude within about 110 feet throughout slow flight, cross-checking the altimeter and VSI at short"
data/observations2/contact/contact-07.json,contact-07-em01,1,280,300,feet,replaced,"ight to the level expected at this stage, with the deviation reaching about 280 feet, near the upper part of the tolerance, due to the altimeter cross-che"
data/observations2/contact/contact-07.json,contact-07-em02,3,3,,knots,skip-ambiguous: at-3 number must BE C3 (spec 5.9) target=ambiguous(0/5),"established and maintained the slow flight airspeed within about plus 3 knots, power set positively to the value required and refined in small incr"
data/observations2/contact/contact-07.json,contact-07-em02,1,14,15,knots,replaced,"irspeed to the level expected at this stage, with the excess reaching about 14 knots fast, near the upper part of the tolerance, due to the power setting "
data/observations2/contact/contact-07.json,contact-07-em03,3,4,5,degrees,replaced,"SP maintained the reference heading within about 4 degrees throughout slow flight, applying rudder with each power change to kee"
data/observations2/contact/contact-07.json,contact-07-em03,1,9,10,degrees,replaced," flight to the level expected at this stage, with the wander reaching about 9 degrees, near the upper part of the tolerance, due to residual yaw after a po"
data/observations2/contact/contact-07.json,contact-07-em04,1,9,10,degrees,replaced,"urns to the level expected at this stage, with the variation reaching about 9 degrees, near the upper part of the tolerance, due to large aileron inputs be"
data/observations2/contact/contact-07.json,contact-07-em07,1,4,5,knots,replaced,"t to the level expected at this stage, with the airspeed narrowing to about 4 knots slow of the target, near the upper part of the tolerance, due to the "
data/observations2/contact/contact-07.json,contact-07-tm01,1,9,10,degrees,replaced,"eron to the level expected at this stage, with the deviation reaching about 9 degrees, near the upper part of the tolerance, due to rudder being applied a "
data/observations2/contact/contact-07.json,contact-07-tm02,1,9,10,degrees,replaced," level expected at this stage, with the nose track deviation reaching about 9 degrees, near the upper part of the tolerance, due to rudder being applied on"
data/observations2/contact/contact-07.json,contact-07-tm03,3,110,150,feet,replaced,"hile adding power and back pressure together, holding altitude within about 110 feet, monitoring the angle of attack as it increased and rolling out of th"
data/observations2/contact/contact-07.json,contact-07-tm03,1,280,300,feet,replaced," together to the level expected at this stage, with altitude reaching about 280 feet and airspeed about 4 knots slow, near the upper part of both toleranc"
data/observations2/contact/contact-07.json,contact-07-tm03,1,4,5,knots,replaced,"ted at this stage, with altitude reaching about 280 feet and airspeed about 4 knots slow, near the upper part of both tolerances, due to back pressure be"
data/observations2/contact/contact-07.json,contact-07-tm04,3,110,150,feet,replaced,"tion of the rapid angle of attack increase, altitude contained within about 110 feet, identifying the effect of an abrupt flare on the sink rate, due to t"
data/observations2/contact/contact-07.json,contact-07-tm04,1,280,300,feet,replaced," increase to the level expected at this stage, with altitude reaching about 280 feet and airspeed about 4 knots slow, near the upper part of both toleranc"
data/observations2/contact/contact-07.json,contact-07-tm04,1,4,5,knots,replaced,"ted at this stage, with altitude reaching about 280 feet and airspeed about 4 knots slow, near the upper part of both tolerances, due to the release bein"
data/observations2/contact/contact-07.json,contact-07-tm05,3,110,150,feet,replaced,"d increased pitch attitude as they retracted, holding altitude within about 110 feet, recognizing the angle of attack increase as the flaps reached UP and"
data/observations2/contact/contact-07.json,contact-07-tm05,1,280,300,feet,replaced,"retracted to the level expected at this stage, with altitude reaching about 280 feet, near the upper part of the tolerance, due to the pitch increase bein"
data/observations2/contact/contact-07.json,contact-07-tm06,3,110,150,feet,replaced,"ore adding more, bank held within about 4 degrees and altitude within about 110 feet with no oscillation, due to one input being a shade quicker than the "
data/observations2/contact/contact-07.json,contact-07-tm07,3,3,,knots,skip-ambiguous: at-3 number must BE C3 (spec 5.9) target=ambiguous(0/5),"e, altitude held within about 110 feet and airspeed within about plus 3 knots during the recoveries, applying this method only within slow flight a"
data/observations2/contact/contact-07.json,contact-07-tm07,3,110,150,feet,replaced,"owering flaps or decreasing bank as appropriate, altitude held within about 110 feet and airspeed within about plus 3 knots during the recoveries, applyin"
data/observations2/contact/contact-07.json,contact-07-tm07,1,280,300,feet,replaced,"caused it to the level expected at this stage, with altitude reaching about 280 feet, near the upper part of the tolerance, due to the causing condition b"
data/observations2/contact/contact-08.json,contact-08-em01,3,110,150,feet,replaced," before the stall and kept the total excursion of the maneuver within about 110 feet, monitoring the altimeter throughout the recovery and reporting the a"
data/observations2/contact/contact-08.json,contact-08-em01,1,280,300,feet,replaced,"very to the level expected at this stage, with the excursion reaching about 280 feet below the entry altitude, near the upper part of the tolerance, due t"
data/observations2/contact/contact-08.json,contact-08-em02,3,8,10,knots,replaced,"P set and maintained the entry airspeed and kept the deviation within about 8 knots throughout the entry, the recovery and the level off, power coordinat"
data/observations2/contact/contact-08.json,contact-08-em02,1,19,20,knots,replaced,"very to the level expected at this stage, with the deviation reaching about 19 knots, near the upper part of the tolerance, due to power not being coordin"
data/observations2/contact/contact-08.json,contact-08-em03,3,4,5,degrees,replaced,"e yaw under control with timely rudder at the stall and exited within about 4 degrees of the entry heading on each repetition, the heading indicator includ"
data/observations2/contact/contact-08.json,contact-08-em03,1,9,10,degrees,replaced,"ding to the level expected at this stage, with the deviation reaching about 9 degrees, near the upper part of the tolerance, due to the heading indicator b"
data/observations2/contact/contact-08.json,contact-08-em04,3,110,150,feet,skip-between,"ttitude and bank called in the briefing, entry parameters held within about 110 feet and 8 knots, due to one small bank correction being applied a beat af"
data/observations2/contact/contact-08.json,contact-08-em04,3,8,10,knots,replaced,"lled in the briefing, entry parameters held within about 110 feet and 8 knots, due to one small bank correction being applied a beat after it was n"
data/observations2/contact/contact-08.json,contact-08-em06,3,110,150,feet,replaced,"elay, the stall broken immediately with the altitude loss held within about 110 feet, identifying and calling the indication that triggered the recovery, "
data/observations2/contact/contact-08.json,contact-08-em06,1,280,300,feet,replaced," to the level expected at this stage, with the altitude loss reaching about 280 feet, near the upper part of the tolerance, due to a short pause at the bu"
data/observations2/contact/contact-08.json,contact-08-em07,3,110,150,feet,replaced,"ltitude loss possible for the maneuver, keeping the total loss within about 110 feet, the pitch reversal started as soon as the stall was broken and progr"
data/observations2/contact/contact-08.json,contact-08-em07,1,280,300,feet,replaced,"ver to the level expected at this stage, with the total loss reaching about 280 feet, near the upper part of the tolerance, due to the pitch reversal bein"
data/observations2/contact/contact-08.json,contact-08-em08,3,110,150,feet,replaced,"with the buffet fully cleared and the total altitude loss held within about 110 feet, monitoring the airspeed against the attitude throughout the level of"
data/observations2/contact/contact-08.json,contact-08-em08,1,280,300,feet,replaced,"e level expected at this stage, with the total altitude loss reaching about 280 feet, near the upper part of the tolerance, due to the aircraft being brou"
data/observations2/contact/contact-08.json,contact-08-tm01,3,110,150,feet,replaced,"oken before the roll input and the total altitude loss staying within about 110 feet, calling the actions as they were applied, due to the roll trailing t"
data/observations2/contact/contact-08.json,contact-08-tm01,1,280,300,feet,replaced," to the level expected at this stage, with the altitude loss reaching about 280 feet, near the upper part of the tolerance, due to the roll to wings level"
data/observations2/contact/contact-08.json,contact-08-tm02,3,8,10,knots,replaced,"ntries so flying airspeed was regained with the deviation kept within about 8 knots, the stall broken cleanly at each entry attitude with the recovery co"
data/observations2/contact/contact-08.json,contact-08-tm02,1,19,20,knots,replaced,"o the level expected at this stage, with the airspeed margin reaching about 19 knots low, near the upper part of the tolerance, due to the pitch reduction"
data/observations2/contact/contact-08.json,contact-08-tm03,3,110,150,feet,replaced,"e track increasing continuously with the altitude loss staying within about 110 feet on every repetition, due to the pressure sitting a shade toward the u"
data/observations2/contact/contact-08.json,contact-08-tm03,1,280,300,feet,replaced," to the level expected at this stage, with the altitude loss reaching about 280 feet, near the upper part of the tolerance, due to the back pressure throu"
data/observations2/contact/contact-08.json,contact-08-tm04,3,8,10,knots,replaced,"lerate towards cruise airspeed, keeping the airspeed deviation within about 8 knots, the picture established directly with no excessive nose-high attitud"
data/observations2/contact/contact-08.json,contact-08-tm04,1,19,20,knots,replaced,"o the level expected at this stage, with the airspeed margin reaching about 19 knots low, near the upper part of the tolerance, due to the pitch attitude "
data/observations2/contact/contact-08.json,contact-08-tm05,3,110,150,feet,replaced," it, the wings levelled promptly and the altitude loss staying within about 110 feet on every recovery, due to one glance being a shade longer than the ot"
data/observations2/contact/contact-08.json,contact-08-tm05,1,280,300,feet,replaced," to the level expected at this stage, with the altitude loss reaching about 280 feet, near the upper part of the tolerance, due to a look at the AOA indic"
data/observations2/contact/contact-08.json,contact-08-tm06,3,110,150,feet,replaced,"nd attained a positive climb with the total altitude loss kept within about 110 feet, the maneuver called complete only when the altimeter showed increasi"
data/observations2/contact/contact-08.json,contact-08-tm06,1,280,300,feet,replaced," to the level expected at this stage, with the altitude loss reaching about 280 feet, near the upper part of the tolerance, due to the back pressure neede"
data/observations2/contact/contact-08.json,contact-08-tm07,3,8,10,knots,replaced,"ured, regaining the target glide speed with the deviation kept within about 8 knots, the nose held on the reference until the airspeed was fully back, du"
data/observations2/contact/contact-08.json,contact-08-tm07,1,19,20,knots,replaced,"o the level expected at this stage, with the airspeed margin reaching about 19 knots below the target glide value, near the upper part of the tolerance, d"
data/observations2/contact/contact-08.json,contact-08-tm08,3,4,5,degrees,replaced,"itude for each ELP stall recovery, holding the resulting track within about 4 degrees of the required one, the bank kept steady and the recovery picture fl"
data/observations2/contact/contact-08.json,contact-08-tm08,1,9,10,degrees,replaced,"level expected at this stage, with the resulting track error reaching about 9 degrees, near the upper part of the tolerance, due to the bank being reduced "
data/observations2/contact/contact-09.json,contact-09-em01,3,110,150,feet,replaced," accurate pitch input at the break and held the entry altitude within about 110 feet, the excursion identified immediately on the altimeter and corrected "
data/observations2/contact/contact-09.json,contact-09-em01,1,280,300,feet,replaced,"he level expected at this stage, with the altitude excursion reaching about 280 feet, near the upper part of the tolerance, due to the pitch input at the "
data/observations2/contact/contact-09.json,contact-09-em02,3,110,150,feet,replaced,"haracteristics immediately and recovered with an altitude loss inside about 110 feet, pitch and power applied together with the descent arrested promptly,"
data/observations2/contact/contact-09.json,contact-09-em02,1,280,300,feet,replaced," to the level expected at this stage, with the altitude loss reaching about 280 feet, near the upper part of the tolerance, due to the cross-check between"
data/observations2/contact/contact-09.json,contact-09-em03,3,110,150,feet,replaced,"ed pitch and applied power together, keeping the altitude loss within about 110 feet, the recovery prompt and smooth with the aircraft re-established in l"
data/observations2/contact/contact-09.json,contact-09-em03,1,280,300,feet,replaced," to the level expected at this stage, with the altitude loss reaching about 280 feet, near the upper part of the tolerance, due to pitch reduction and pow"
data/observations2/contact/contact-09.json,contact-09-em04,3,110,150,feet,replaced,"ry deliberate and stabilized with resulting deviations staying within about 110 feet, due to one entry parameter settling a beat later than the others tho"
data/observations2/contact/contact-09.json,contact-09-em04,1,280,300,feet,replaced,"xpected at this stage, with the resulting altitude deviation reaching about 280 feet, near the upper part of the tolerance, due to the deceleration rate b"
data/observations2/contact/contact-09.json,contact-09-em05,3,110,150,feet,replaced,"he stall not allowed to develop with the altitude loss staying within about 110 feet, due to one application being a beat slower than the others though th"
data/observations2/contact/contact-09.json,contact-09-em05,1,280,300,feet,replaced," to the level expected at this stage, with the altitude loss reaching about 280 feet, near the upper part of the tolerance, due to a momentary surprise at"
data/observations2/contact/contact-09.json,contact-09-em06,3,110,150,feet,replaced,"tion with the aircraft re-established in the briefed condition within about 110 feet, due to one blend being a shade later than the others though the seco"
data/observations2/contact/contact-09.json,contact-09-em06,1,280,300,feet,replaced,"e level expected at this stage, with the total altitude loss reaching about 280 feet, near the upper part of the tolerance, due to the pitch increase duri"
data/observations2/contact/contact-09.json,contact-09-em07,3,110,150,feet,replaced,"overy and the configuration retained as briefed, altitude loss within about 110 feet, due to one recovery attitude being a shade steeper than the others t"
data/observations2/contact/contact-09.json,contact-09-em07,1,280,300,feet,replaced,"l expected at this stage, with the altitude loss placing the recovery about 280 feet from the briefed profile, near the upper part of the tolerance, due t"
data/observations2/contact/contact-09.json,contact-09-em08,3,110,150,feet,replaced,"briefed heading and flight path with minimum loss of altitude, within about 110 feet, control pressures smooth with no secondary corrections needed, due t"
data/observations2/contact/contact-09.json,contact-09-em08,1,280,300,feet,replaced," to the level expected at this stage, with the altitude loss reaching about 280 feet, near the upper part of the tolerance, due to a coordination input du"
data/observations2/contact/contact-09.json,contact-09-tm01,3,110,150,feet,replaced,"oll to wings level occur as one action, the recovery completed within about 110 feet with the aircraft re-established in the briefed condition without hes"
data/observations2/contact/contact-09.json,contact-09-tm01,1,280,300,feet,replaced," to the level expected at this stage, with the altitude loss reaching about 280 feet, near the upper part of the tolerance, due to a short lag between the"
data/observations2/contact/contact-09.json,contact-09-tm02,3,110,150,feet,replaced," at the low recovery airspeed with the altitude loss remaining within about 110 feet, due to one rudder input being a shade behind the others though the n"
data/observations2/contact/contact-09.json,contact-09-tm02,1,280,300,feet,replaced," to the level expected at this stage, with the altitude loss reaching about 280 feet, near the upper part of the tolerance, due to right rudder being appl"
data/observations2/contact/contact-09.json,contact-09-tm03,3,110,150,feet,replaced,", the descent arrested promptly with the altitude loss staying within about 110 feet on each repetition, due to one back-pressure increase being a shade l"
data/observations2/contact/contact-09.json,contact-09-tm03,1,280,300,feet,replaced," to the level expected at this stage, with the altitude loss reaching about 280 feet, near the upper part of the tolerance, due to back pressure not incre"
data/observations2/contact/contact-09.json,contact-09-tm04,3,110,150,feet,replaced,"urn until the stall indication, the altitude excursion staying within about 110 feet of the criteria, due to one torque setting being a shade off the midd"
data/observations2/contact/contact-09.json,contact-09-tm04,1,280,300,feet,replaced,"he level expected at this stage, with the altitude excursion reaching about 280 feet, near the upper part of the tolerance, due to torque being left a sha"
data/observations2/contact/contact-09.json,contact-09-tm05,1,280,300,feet,replaced," to the level expected at this stage, with the altitude loss reaching about 280 feet, near the upper part of the tolerance, due to the transition from the"
data/observations2/contact/contact-09.json,contact-09-tm06,3,110,150,feet,replaced,"he final turn stall technique with the altitude loss remaining within about 110 feet, due to the attitude drifting a fraction on one repetition though cau"
data/observations2/contact/contact-09.json,contact-09-tm06,1,280,300,feet,replaced," to the level expected at this stage, with the altitude loss reaching about 280 feet, near the upper part of the tolerance, due to the pitch creeping upwa"
data/observations2/contact/contact-09.json,contact-09-tm07,3,110,150,feet,replaced,"across the full instrument scan with the altitude loss staying within about 110 feet, due to one glance being a shade longer than the others though the sc"
data/observations2/contact/contact-09.json,contact-09-tm07,1,280,300,feet,replaced," to the level expected at this stage, with the altitude loss reaching about 280 feet, near the upper part of the tolerance, due to a look at the AOA indic"
data/observations2/contact/contact-09.json,contact-09-tm08,3,110,150,feet,replaced,"o the technique of the manual with the altitude loss remaining within about 110 feet, due to the acceptance of the displacement being a beat slower on one"
data/observations2/contact/contact-09.json,contact-09-tm08,1,280,300,feet,replaced," to the level expected at this stage, with the altitude loss reaching about 280 feet, near the upper part of the tolerance, due to a brief assessment of t"
data/observations2/contact/contact-09.json,contact-09-em09,3,120,150,feet,replaced,"SP recovered from the break stall with the altitude held within about 120 ft, due to the recovery being started a fraction after the first indicat"
data/observations2/contact/contact-09.json,contact-09-em10,3,120,150,feet,replaced,"rom the nose-high final turn stall with the altitude loss held within about 120 ft, due to the roll following the relax step by a fraction rather than c"
data/observations2/contact/contact-09.json,contact-09-em11,3,120,150,feet,replaced,"from the nose-low final turn stall with the altitude loss held within about 120 ft, due to the roll to wings level being made a fraction slower than the"
data/observations2/contact/contact-09.json,contact-09-em12,3,120,150,feet,replaced,"ed from the landing attitude stall with the altitude loss held within about 120 ft, due to the recovery AOA being held a fraction below the optimum as t"
data/observations2/contact/contact-09.json,contact-09-tm09,3,120,150,feet,replaced,"SP recovered with the altitude loss held within about 120 ft and no secondary indication, due to the back pressure being reapplied"
data/observations2/contact/contact-10.json,contact-10-em06,3,110,150,feet,replaced,"SP established level flight within approximately 110 feet of the intended recovery altitude, due to an altimeter check that cam"
data/observations2/contact/contact-10.json,contact-10-em07,3,8,10,knots,replaced,"SP stabilised the airspeed within approximately 8 knots of the target after the recovery, due to a power adjustment that trai"
data/observations2/contact/contact-10.json,contact-10-em07,1,18,20,knots,replaced,"SP stabilised at approximately 18 knots from the target airspeed after the recovery, at the outer edge of the"
data/observations2/contact/contact-10.json,contact-10-em08,3,4,5,degrees,replaced,"SP rolled out within approximately 4 degrees of the intended exit heading, due to a reference re-established a fra"
data/observations2/contact/contact-11.json,contact-11-em01,3,110,150,feet,replaced,"SP established level flight on completion of each recovery within approximately 110 feet of the recovery reference, due to a pitch capture at the horizon that"
data/observations2/contact/contact-11.json,contact-11-em01,1,280,300,feet,replaced,"mediately on completion of each recovery, holding the altitude within approximately 280 feet of the recovery reference, at the outer edge of the standard, due to "
data/observations2/contact/contact-11.json,contact-11-em02,3,8,10,knots,replaced,"SP held the post-recovery airspeed within approximately 8 knots of the level-flight reference on each recovery, due to a throttle mov"
data/observations2/contact/contact-11.json,contact-11-em02,1,18,20,knots,replaced,"tude through each recovery and held the post-recovery airspeed within approximately 18 knots of the level-flight reference, at the outer edge of the standard, due"
data/observations2/contact/contact-11.json,contact-11-em03,3,4,5,degrees,replaced,"SP rolled out within approximately 4 degrees of the intended exit heading on each recovery, due to a roll rate red"
data/observations2/contact/contact-11.json,contact-11-em05,3,8,10,knots,replaced,"rect order on every nose-high attitude, keeping the airspeed decay to approximately 8 knots below the level-flight reference, due to a stress response at the att"
data/observations2/contact/contact-11.json,contact-11-em05,1,18,20,knots,replaced,"e wing on every nose-high attitude, allowing the airspeed to decay to approximately 18 knots below the level-flight reference before angle of attack was reduced, "
data/observations2/contact/contact-11.json,contact-11-em06,3,110,150,feet,replaced,"on every nose-low and inverted attitude, holding the altitude loss to approximately 110 feet, due to the pull beginning a fraction sooner than the technique calls"
data/observations2/contact/contact-11.json,contact-11-em06,1,280,300,feet,replaced,"on every nose-low and inverted attitude, holding the altitude loss to approximately 280 feet, at the outer edge of the standard, due to the pull beginning a beat "
data/observations2/contact/contact-11.json,contact-11-em08,3,110,150,feet,replaced,"ecovery immediately on assuming control, holding the altitude loss to approximately 110 feet, due to recognition, roll and pull following each other with a small "
data/observations2/contact/contact-11.json,contact-11-em08,1,280,300,feet,replaced," began the recovery on assuming control and held the altitude loss to approximately 280 feet, at the outer edge of the standard, due to a brief check of the attit"
data/observations2/contact/contact-11.json,contact-11-em09,3,110,150,feet,replaced,"attitude correctly on every presentation, holding the altitude within approximately 110 feet of the reference, due to the cross-check dwelling a fraction longer o"
data/observations2/contact/contact-11.json,contact-11-em09,1,280,300,feet,replaced,"l and identified each attitude correctly, holding the altitude within approximately 280 feet of the reference, at the outer edge of the standard, due to the cross"
data/observations2/contact/contact-11.json,contact-11-em10,3,4,5,degrees,replaced,"ented and applied them smoothly on every recovery, rolling out within approximately 4 degrees of the intended exit heading, due to a first input that was close to "
data/observations2/contact/contact-11.json,contact-11-em10,1,9,10,degrees,replaced,"nputs to the attitude presented on every recovery, rolling out within approximately 9 degrees of the intended exit heading, at the outer edge of the standard, due "
data/observations2/contact/contact-11.json,contact-11-tm01,3,8,10,knots,replaced,"rst action of every nose-high recovery, holding the airspeed decay to approximately 8 knots below the reference, due to the PCL reaching MAX a fraction after the"
data/observations2/contact/contact-11.json,contact-11-tm01,1,18,20,knots,replaced,"rly action of every nose-high recovery, holding the airspeed decay to approximately 18 knots below the reference, at the outer edge of the standard, due to the PC"
data/observations2/contact/contact-11.json,contact-11-tm02,3,110,150,feet,replaced,"d reduced power below 60 percent torque, holding the altitude loss to approximately 110 feet, due to the power reduction coming a fraction after torque effect was"
data/observations2/contact/contact-11.json,contact-11-tm02,1,280,300,feet,replaced,"udes and applied full control authority, holding the altitude loss to approximately 280 feet, at the outer edge of the standard, due to the slow response being co"
data/observations2/contact/contact-11.json,contact-11-tm03,3,8,10,knots,replaced,"e horizon and positive pressure was felt, holding the airspeed within approximately 8 knots of the reference, due to the rollout beginning as pressure first beca"
data/observations2/contact/contact-11.json,contact-11-tm03,1,18,20,knots,replaced,"des until the nose was below the horizon, holding the airspeed within approximately 18 knots of the reference, at the outer edge of the standard, due to the rollo"
data/observations2/contact/contact-11.json,contact-11-tm04,3,8,10,knots,replaced,"l accordingly on every nose-low attitude, holding the airspeed within approximately 8 knots of the reference, due to the power reduction following the trend by a"
data/observations2/contact/contact-11.json,contact-11-tm04,1,18,20,knots,replaced," level flight on every nose-low attitude, holding the airspeed within approximately 18 knots of the reference and a clear margin short of the 316 KIAS maximum all"
data/observations2/contact/contact-11.json,contact-11-tm05,3,110,150,feet,replaced,"ched 200 KIAS on the nose-low attitudes, holding the altitude loss to approximately 110 feet, due to the selection coming a fraction later in the approach to 200 "
data/observations2/contact/contact-11.json,contact-11-tm05,1,280,300,feet,replaced,"ched 200 KIAS on the nose-low attitudes, holding the altitude loss to approximately 280 feet, at the outer edge of the standard, due to the selection being made o"
data/observations2/contact/contact-11.json,contact-11-tm06,3,110,150,feet,replaced,"ng increased on every nose-low recovery, holding the altitude loss to approximately 110 feet, due to the strain reaching full effectiveness a fraction after the l"
data/observations2/contact/contact-11.json,contact-11-tm06,1,280,300,feet,replaced,"ng increased on every nose-low recovery, holding the altitude loss to approximately 280 feet, at the outer edge of the standard, due to the strain being started a"
data/observations2/contact/contact-11.json,contact-11-tm07,3,110,150,feet,replaced," and accomplished the OCF recovery, holding the altitude excursion to approximately 110 feet, due to the altitude check coming a fraction after the controls were "
data/observations2/contact/contact-11.json,contact-11-tm07,1,280,300,feet,replaced," and accomplished the OCF recovery, holding the altitude excursion to approximately 280 feet, at the outer edge of the standard, due to a startle reaction at the "
data/observations2/contact/contact-11.json,contact-11-tm08,3,110,150,feet,replaced,"ting the system limitations near zero-G, holding the altitude loss to approximately 110 feet, due to the oil pressure check coming a fraction after level flight w"
data/observations2/contact/contact-11.json,contact-11-tm08,1,280,300,feet,replaced,"ked for normal oil pressure indications, holding the altitude loss to approximately 280 feet, at the outer edge of the standard, due to the unloaded condition bei"
data/observations2/contact/contact-12.json,contact-12-em01,3,8,10,knots,replaced,"airspeed on the briefed value and traded it smoothly, arriving within approximately 8 knots fast of the completion speed, due to the energy management through th"
data/observations2/contact/contact-12.json,contact-12-em01,1,14,15,knots,replaced,"SP arrived at the 180-degree point within approximately 14 knots fast of the completion speed, at the outer edge of the standard, due "
data/observations2/contact/contact-12.json,contact-12-em02,3,7,10,degrees,replaced,"the briefed bank promptly at entry and held it, with the deviation to approximately 7 degrees, due to the small aileron corrections through the turn trailing the w"
data/observations2/contact/contact-12.json,contact-12-em02,1,18,20,degrees,replaced,"iefed bank through the second half of the turn, with the deviation to approximately 18 degrees, at the outer edge of the standard, due to the wing line cross-check "
data/observations2/contact/contact-12.json,contact-12-em03,3,7,10,degrees,replaced," preselected outside reference for the reciprocal, rolling out within approximately 7 degrees of the required heading, due to the nose reference being confirmed a "
data/observations2/contact/contact-12.json,contact-12-em03,1,18,20,degrees,replaced,"grees of turn against the reciprocal, holding the recovery heading to approximately 18 degrees off, at the outer edge of the standard, due to the wing-line-to-nose "
data/observations2/contact/contact-12.json,contact-12-em04,3,4,,knots,skip-ambiguous: at-3 number must BE C3 (spec 5.9) target=ambiguous(5/10)," points, with the energy exchange symmetric between the halves within approximately 4 knots, due to the second half settling a fraction faster than the first bef"
data/observations2/contact/contact-12.json,contact-12-em04,1,9,10,knots,replaced,"efed airspeed schedule at the 90-degree points, with the deviation to approximately 9 knots at the low points, at the outer edge of the standard, due to the pitc"
data/observations2/contact/contact-12.json,contact-12-em05,3,7,10,degrees,replaced,"fed maximum was reached at the 90-degree point, with the deviation to approximately 7 degrees, due to the wings-level check at each reversal trailing the bank redu"
data/observations2/contact/contact-12.json,contact-12-em05,1,18,20,degrees,replaced," bank progressively toward the briefed maximum, with the deviation to approximately 18 degrees at the 90-degree point, at the outer edge of the standard, due to the"
data/observations2/contact/contact-12.json,contact-12-em06,3,7,10,degrees,replaced,"en the ground reference and the flight instruments, completing within approximately 7 degrees of the entry heading, due to the reversal being made a fraction off t"
data/observations2/contact/contact-12.json,contact-12-em06,1,18,20,degrees,replaced,"outside reference to time the reversals, with the recovery heading to approximately 18 degrees off the entry heading, at the outer edge of the standard, due to atte"
data/observations2/contact/contact-12.json,contact-12-em07,3,8,10,knots,replaced,"eed and pitch attitude before rolling, with the recovery speed within approximately 8 knots fast, due to the pitch being held a fraction less precisely through t"
data/observations2/contact/contact-12.json,contact-12-em07,1,14,15,knots,replaced,"iefed nose position before the roll input, with the recovery speed to approximately 14 knots fast, at the outer edge of the standard, due to the roll input being "
data/observations2/contact/contact-12.json,contact-12-em08,3,7,10,degrees,replaced,"ld a constant roll rate through the full 360 degrees, stopping within approximately 7 degrees of wings level, due to the coordinated rudder holding the nose on the"
data/observations2/contact/contact-12.json,contact-12-em08,1,18,20,degrees,replaced,"held the aileron input to the wings-level point, with the roll-out to approximately 18 degrees off wings level, at the outer edge of the standard, due to the ailero"
data/observations2/contact/contact-12.json,contact-12-em09,3,7,10,degrees,replaced,"n the selected reference point throughout the roll, recovering within approximately 7 degrees of the entry heading with wings level, due to the reference re-acquis"
data/observations2/contact/contact-12.json,contact-12-em09,1,18,20,degrees,replaced,"on the reference point through the roll, with the recovery heading to approximately 18 degrees off the entry heading, at the outer edge of the standard, due to the "
data/observations2/contact/contact-12.json,contact-12-em10,3,8,10,knots,replaced,"rcraft over the top with the planned energy margin, recovering within approximately 8 knots fast, due to the pitch correction in the descending quarter trailing "
data/observations2/contact/contact-12.json,contact-12-em10,1,14,15,knots,replaced,"red to carry the aircraft over the top, with the recovery airspeed to approximately 14 knots fast, at the outer edge of the standard, due to the entry pull being "
data/observations2/contact/contact-12.json,contact-12-em11,3,7,10,degrees,replaced,"ched roll rate to pitch rate so bank at each quarter point was within approximately 7 degrees of the briefed value, due to the barrel's symmetry about the referenc"
data/observations2/contact/contact-12.json,contact-12-em11,1,18,20,degrees,replaced,"d pitch synchronized over the top, with bank at the quarter points to approximately 18 degrees off the briefed values, at the outer edge of the standard, due to the"
data/observations2/contact/contact-12.json,contact-12-em12,3,7,10,degrees,replaced,"th pitch and roll arriving together at the horizon, recovering within approximately 7 degrees of the entry heading, due to the entry line being re-acquired a fract"
data/observations2/contact/contact-12.json,contact-12-em12,1,18,20,degrees,replaced,"the maneuver close to the entry heading, with the recovery heading to approximately 18 degrees off, at the outer edge of the standard, due to the reference point be"
data/observations2/contact/contact-12.json,contact-12-em12,1,45,20,degrees,replaced,"outer edge of the standard, due to the reference point being selected close to 45 degrees but confirmed only after the roll had already begun rather than befor"
data/observations2/contact/contact-12.json,contact-12-em13,3,4,5,knots,replaced,"d the briefed entry airspeed, applying the briefed G on entry, within approximately 4 knots slow, due to the margin over the top being confirmed a fraction after"
data/observations2/contact/contact-12.json,contact-12-em13,1,9,10,knots,replaced," the briefed airspeed before applying the pull, with the deviation to approximately 9 knots slow at the entry gate, at the outer edge of the standard, due to the"
data/observations2/contact/contact-12.json,contact-12-em14,3,7,10,degrees,replaced,"SP held the wings within approximately 7 degrees of level through the whole Loop, using coordinated rudder as airspeed"
data/observations2/contact/contact-12.json,contact-12-em14,1,18,20,degrees,replaced,"SP corrected the developing bank over the top, with the deviation to approximately 18 degrees in the second half, at the outer edge of the standard, due to the win"
data/observations2/contact/contact-12.json,contact-12-em15,3,7,10,degrees,replaced,"SP recovered from the Loop within approximately 7 degrees of the entry heading, wings level and nose on the horizon, due to the"
data/observations2/contact/contact-12.json,contact-12-em15,1,18,20,degrees,replaced,"ith the entry heading before completion, with the recovery heading to approximately 18 degrees off, at the outer edge of the standard, due to a residual bank throug"
data/observations2/contact/contact-12.json,contact-12-em16,3,8,10,knots,replaced," acceleration on both 45-degree down lines, starting each half within approximately 8 knots fast, due to the second down line being confirmed a fraction longer t"
data/observations2/contact/contact-12.json,contact-12-em16,1,14,15,knots,replaced," the 45-degree down line, with the entry speed for the second half to approximately 14 knots fast, at the outer edge of the standard, due to the pull point on the"
data/observations2/contact/contact-12.json,contact-12-em17,3,7,10,degrees,replaced,"titude and executed the half roll at a constant rate, stopping within approximately 7 degrees of wings level, due to the line attitude through the roll drifting a "
data/observations2/contact/contact-12.json,contact-12-em18,3,7,10,degrees,replaced,"eference line to keep both halves on the same axis, recovering within approximately 7 degrees of the entry heading, due to the axis being re-acquired a fraction af"
data/observations2/contact/contact-12.json,contact-12-em18,1,18,20,degrees,replaced,"the Cuban Eight on the same ground line, with the recovery heading to approximately 18 degrees off entry, at the outer edge of the standard, due to the wing drop ov"
data/observations2/contact/contact-12.json,contact-12-em19,3,4,5,knots,replaced,"speed and arrived at the top with the planned airspeed margin, within approximately 4 knots slow, due to the half roll being started a fraction after the margin "
data/observations2/contact/contact-12.json,contact-12-em19,1,9,10,knots,replaced,"SP conserved the energy required at the top, with the deviation to approximately 9 knots slow, at the outer edge of the standard, due to the pull rate in the "
data/observations2/contact/contact-12.json,contact-12-em20,3,7,10,degrees,replaced,"he nose reached the horizon, unloading appropriately, stopping within approximately 7 degrees of wings level, due to the level-off and the roll completion coincidi"
data/observations2/contact/contact-12.json,contact-12-em21,3,7,10,degrees,replaced,"he aircraft in the vertical plane through the pull, recovering within approximately 7 degrees of the reciprocal, wings level, due to the level flight condition bei"
data/observations2/contact/contact-12.json,contact-12-em21,1,18,20,degrees,replaced,"nto the reciprocal of the entry heading, with the recovery heading to approximately 18 degrees off, at the outer edge of the standard, due to a wing drop during the"
data/observations2/contact/contact-12.json,contact-12-em22,3,8,10,knots,replaced,"e briefed entry airspeed, rolling inverted and pulling through within approximately 8 knots fast, due to the load factor through the descent trailing the profile"
data/observations2/contact/contact-12.json,contact-12-em22,1,14,15,knots,replaced,"he entry speed before rolling inverted, with the recovery airspeed to approximately 14 knots fast, at the outer edge of the standard, due to the entry being flown"
data/observations2/contact/contact-12.json,contact-12-em23,3,7,10,degrees,replaced,"t the horizon and the instruments, starting the pull with bank within approximately 7 degrees of the required attitude, due to the confirmation being made a fracti"
data/observations2/contact/contact-12.json,contact-12-em23,1,18,20,degrees,replaced,"attitude before starting the pull, with the bank at the pull point to approximately 18 degrees off, at the outer edge of the standard, due to the instrument cross-c"
data/observations2/contact/contact-12.json,contact-12-em24,3,7,10,degrees,replaced,"SP completed the Split S within approximately 7 degrees of the reciprocal of the entry heading, arriving wings level in level"
data/observations2/contact/contact-12.json,contact-12-em24,1,18,20,degrees,replaced,"covered on the reciprocal of the entry heading, with the deviation to approximately 18 degrees off, at the outer edge of the standard, due to a residual bank carrie"
data/observations2/contact/contact-12.json,contact-12-em25,3,4,5,knots,replaced,"SP re-established the briefed entry airspeed before each leaf, within approximately 4 knots slow, due to the acceleration for the final leaf being confirmed a fr"
data/observations2/contact/contact-12.json,contact-12-em25,1,9,10,knots,replaced," briefed entry speed before the next pull, with the entry airspeed to approximately 9 knots slow, at the outer edge of the standard, due to the acceleration segm"
data/observations2/contact/contact-12.json,contact-12-em26,3,7,10,degrees,replaced,"SP applied the briefed bank over the top of each leaf, within approximately 7 degrees, producing an accurate 90-degree heading change per quadrant, due to "
data/observations2/contact/contact-12.json,contact-12-em26,1,18,20,degrees,replaced," for the 90-degree heading change, with the deviation over the top to approximately 18 degrees, at the outer edge of the standard, due to the bank being applied onl"
data/observations2/contact/contact-12.json,contact-12-em27,3,7,10,degrees,replaced," outside references before entry and recovered from each leaf, within approximately 7 degrees of the required heading, due to the axis being re-established a fract"
data/observations2/contact/contact-12.json,contact-12-em27,1,18,20,degrees,replaced,"eaf on the intended 90-degree increment, with the recovery heading to approximately 18 degrees off, at the outer edge of the standard, due to the outside references"
data/observations2/contact/contact-12.json,contact-12-tm01,3,7,10,degrees,replaced,"he pull-up, keeping the ball centered over the top, recovering within approximately 7 degrees of the entry line, due to the ball being centered a fraction after ea"
data/observations2/contact/contact-12.json,contact-12-tm01,1,18,20,degrees,replaced,"osscheck to keep the nose in the desired plane, with the deviation to approximately 18 degrees off the desired track, at the outer edge of the standard, due to righ"
data/observations2/contact/contact-12.json,contact-12-tm02,3,4,5,knots,replaced,"f one supported the entry of the next, with the entry airspeed within approximately 4 knots slow, due to the altitude component of the entry being confirmed a fr"
data/observations2/contact/contact-12.json,contact-12-tm02,1,9,10,knots,replaced,"o restore the optimum energy between maneuvers, with the deviation to approximately 9 knots slow at the following entry gate, at the outer edge of the standard, "
data/observations2/contact/contact-12.json,contact-12-tm03,3,7,10,degrees,replaced,"ntinuously through the horizon crossing, with the maximum bank inside approximately 7 degrees of the briefed value, due to the second leaf trailing the first by a "
data/observations2/contact/contact-12.json,contact-12-tm03,1,18,20,degrees,replaced,"the nose passed the reference point, with the bank at the crossing to approximately 18 degrees short of the briefed value, at the outer edge of the standard, due to"
data/observations2/contact/contact-12.json,contact-12-tm04,3,7,10,degrees,replaced,"f bank and increased it again in the last quarter, rolling out within approximately 7 degrees of the entry heading, due to the seat pressure through the roll being"
data/observations2/contact/contact-12.json,contact-12-tm04,1,18,20,degrees,replaced,"bank and increased it again in the last quarter, with the roll-out to approximately 18 degrees off the entry heading, at the outer edge of the standard, due to the "
data/observations2/contact/contact-12.json,contact-12-tm05,3,7,10,degrees,replaced,"ed the half roll of the second half in the opposite direction, within approximately 7 degrees of the entry heading, due to the nose track after the roll being conf"
data/observations2/contact/contact-12.json,contact-12-tm05,1,18,20,degrees,replaced," in the opposite direction as briefed, with the completion heading to approximately 18 degrees off entry, at the outer edge of the standard, due to the roll directi"
data/observations2/contact/contact-12.json,contact-12-tm06,3,7,10,degrees,replaced,"e rollout at the 135-degree point, with the bank at completion within approximately 7 degrees of level, due to the wings-level timing against the maximum pitch att"
data/observations2/contact/contact-12.json,contact-12-tm07,3,8,10,knots,replaced,"s without stalling, holding a proper anti-G strain, recovering within approximately 8 knots fast, due to the altitude loss matching the briefed figure a fraction"
data/observations2/contact/contact-12.json,contact-12-tm07,1,14,15,knots,replaced,"-through by building toward 15.5 units, with the recovery airspeed to approximately 14 knots fast, at the outer edge of the standard, due to the anti-G strain bei"
data/observations2/contact/contact-12.json,contact-12-em31,3,4,,knots,skip-ambiguous: at-3 number must BE C3 (spec 5.9) target=ambiguous(5/10),SP entered the loop within about 4 kt of the entry airspeed and held the wings within about 8 degrees of le
data/observations2/contact/contact-12.json,contact-12-em31,3,8,10,degrees,replaced,"oop within about 4 kt of the entry airspeed and held the wings within about 8 degrees of level over the top, due to the rudder correction against the wing "
data/observations2/contact/contact-12.json,contact-12-em32,3,8,10,degrees,replaced,SP rolled out within about 8 degrees of the recovery heading with the bank within about 8 degrees of the p
data/observations2/contact/contact-12.json,contact-12-em32,3,8,10,degrees,replaced,"t within about 8 degrees of the recovery heading with the bank within about 8 degrees of the planned value, due to the rate of the bank reduction being a f"
data/observations2/contact/contact-12.json,contact-12-em33,3,8,,knots,skip-ambiguous: at-3 number must BE C3 (spec 5.9) target=ambiguous(5/10),SP completed the lazy eight within about 8 kt of the entry airspeed and 8 degrees of the recovery heading in level 
data/observations2/contact/contact-12.json,contact-12-em33,3,8,10,degrees,replaced," completed the lazy eight within about 8 kt of the entry airspeed and 8 degrees of the recovery heading in level flight, due to the second 90-degree "
data/observations2/contact/contact-12.json,contact-12-em34,3,4,,knots,skip-ambiguous: at-3 number must BE C3 (spec 5.9) target=ambiguous(5/10),SP entered the Immelman within about 4 kt of the entry airspeed and completed the half roll within about 8 degr
data/observations2/contact/contact-12.json,contact-12-em34,3,8,10,degrees,replaced,"n about 4 kt of the entry airspeed and completed the half roll within about 8 degrees of wings level, due to the roll being started a fraction before the n"
data/observations2/contact/contact-12.json,contact-12-em35,3,8,10,degrees,replaced,SP started the pull-through within about 8 degrees of wings level inverted and recovered within about 8 degrees of the r
data/observations2/contact/contact-12.json,contact-12-em35,3,8,10,degrees,replaced,"h within about 8 degrees of wings level inverted and recovered within about 8 degrees of the reciprocal heading, due to the check of the wings against the "
data/observations2/contact/contact-12.json,contact-12-em36,3,8,,knots,skip-ambiguous: at-3 number must BE C3 (spec 5.9) target=ambiguous(5/10),"rees of the 90-degree reference on each leaf with the airspeed within about 8 kt of the planned value at the bottom of each pull-through, due to the p"
data/observations2/contact/contact-12.json,contact-12-em36,3,8,10,degrees,replaced,SP stopped the rolling pull within about 8 degrees of the 90-degree reference on each leaf with the airspeed within abou
data/observations2/contact/contact-12.json,contact-12-tm08,3,8,,knots,skip-ambiguous: at-3 number must BE C3 (spec 5.9) target=ambiguous(5/10),"ngs within about 8 degrees of level over the top and recovered within about 8 kt of the entry airspeed, due to the back pressure in the last quarter b"
data/observations2/contact/contact-12.json,contact-12-tm08,3,8,10,degrees,replaced,SP held a constant nose track through the loop with the wings within about 8 degrees of level over the top and recovered within about 8 kt of the entry ai
data/observations2/contact/contact-12.json,contact-12-tm09,3,8,10,degrees,replaced,"ld the nose up with rudder through the half roll and completed within about 8 degrees of the reciprocal heading in level flight, due to the roll being star"
data/observations2/contact/contact-12.json,contact-12-tm10,3,8,10,degrees,replaced,"ld a constant roll rate through the aileron roll and completed within about 8 degrees of the entry heading with the nose near the horizon, due to the nose "
data/observations2/contact/contact-12.json,contact-12-tm11,3,8,10,degrees,replaced,"d the rolling pull at the same point on each leaf and finished within about 8 degrees of the 90-degree reference on every leaf, due to the roll rate being "
data/observations2/contact/contact-21.json,contact-21-em01,3,110,150,feet,replaced,"SP held the entry altitude within approximately 110 feet, due to the altimeter returning to the cross-check a fraction after t"
data/observations2/contact/contact-21.json,contact-21-em01,1,280,300,feet,replaced,"SP arrested the descent at approximately 280 feet from the assigned entry altitude, at the outer edge of the standard, "
data/observations2/contact/contact-21.json,contact-21-em02,3,8,10,knots,replaced,"SP maintained the descent airspeed within approximately 8 knots of the briefed value, due to power being set early but refined a frac"
data/observations2/contact/contact-21.json,contact-21-em02,1,18,20,knots,replaced,"SP held the descent airspeed to approximately 18 knots from the briefed value, at the outer edge of the standard, due to a c"
data/observations2/contact/contact-21.json,contact-21-em03,3,4,5,degrees,replaced,"SP tracked toward the entry point within approximately 4 degrees of the required heading, due to a small drift correction applied a fr"
data/observations2/contact/contact-21.json,contact-21-em03,1,9,10,degrees,replaced,"SP established the track to the entry point within approximately 9 degrees of the required heading, at the outer edge of the standard, due to a "
data/observations2/contact/contact-21.json,contact-21-em07,3,4,5,degrees,replaced,"ace and establish the return to the airport, holding the track within approximately 4 degrees, due to the cross-check against the outside references trailing the i"
data/observations2/contact/contact-21.json,contact-21-em07,1,9,10,degrees,replaced,"n space and return to the airport, holding the resulting track within approximately 9 degrees of the required heading, at the outer edge of the standard, due to th"
data/observations2/contact/contact-21.json,contact-21-em08,3,4,5,degrees,replaced,"d did not violate the adjacent flight areas, holding the track within approximately 4 degrees of the planned exit track, due to the track being checked against the"
data/observations2/contact/contact-21.json,contact-21-em08,1,9,10,degrees,replaced,"d not violate any adjacent flight area, holding the exit track within approximately 9 degrees of the planned value, at the outer edge of the standard, due to the p"
data/observations2/contact/contact-21.json,contact-21-tm01,3,4,5,degrees,replaced,"tdown and entry calls at the proper locations, holding heading within approximately 4 degrees while transmitting, due to the call taking a fraction longer to deliv"
data/observations2/contact/contact-21.json,contact-21-tm01,1,9,10,degrees,replaced,"e proper locations, holding the heading toward the entry point within approximately 9 degrees while the transmissions were made, at the outer edge of the standard,"
data/observations2/contact/contact-21.json,contact-21-tm02,3,4,5,degrees,replaced," drift correction and groundspeed comparison, holding the crab within approximately 4 degrees of the value required, due to the comparison being read a fraction af"
data/observations2/contact/contact-21.json,contact-21-tm02,1,9,10,degrees,replaced,"ude and applied a drift correction, holding the resulting crab within approximately 9 degrees of the value required, at the outer edge of the standard, due to the "
data/observations2/contact/contact-21.json,contact-21-tm03,3,110,150,feet,replaced," scan on outside visual references, holding the entry altitude within approximately 110 feet, due to the descent rate check drifting briefly to the instruments be"
data/observations2/contact/contact-21.json,contact-21-tm03,1,280,300,feet,replaced,"n to clear the pattern entry route, holding the entry altitude within approximately 280 feet, at the outer edge of the standard, due to the scan returning inside "
data/observations2/contact/contact-21.json,contact-21-tm04,3,8,10,knots,replaced,"own inside the 200 to 250 KIAS band, holding the briefed speed within approximately 8 knots, due to the speed brake being retracted a fraction before the energy "
data/observations2/contact/contact-21.json,contact-21-tm04,1,18,20,knots,replaced,"own inside the 200 to 250 KIAS band, holding the briefed speed within approximately 18 knots, at the outer edge of the standard, due to the speed brake being sele"
data/observations2/contact/contact-21.json,contact-21-tm05,3,110,150,feet,replaced,"ing and noted the field conditions, holding the entry altitude within approximately 110 feet, due to the runway detail being confirmed a fraction after the altime"
data/observations2/contact/contact-21.json,contact-21-tm05,1,280,300,feet,replaced,"lied the current altimeter setting, holding the entry altitude within approximately 280 feet on the correct reference, at the outer edge of the standard, due to t"
data/observations2/contact/contact-21.json,contact-21-tm06,3,110,150,feet,replaced,"per frequencies before the letdown, holding the entry altitude within approximately 110 feet, due to the frequency change taking a fraction longer than the techni"
data/observations2/contact/contact-21.json,contact-21-tm06,1,280,300,feet,replaced,"per frequencies before the letdown, holding the entry altitude within approximately 280 feet through the transition, at the outer edge of the standard, due to the"
data/observations2/contact/contact-21.json,contact-21-em09,3,120,150,feet,replaced,SP leveled off within about 120 ft of the entry altitude and within 8 kt of the entry airspeed at the en
data/observations2/contact/contact-21.json,contact-21-em09,3,8,10,knots,replaced,"SP leveled off within about 120 ft of the entry altitude and within 8 kt of the entry airspeed at the entry point, due to the level off being "
data/observations2/contact/contact-21.json,contact-21-tm07,3,4,5,degrees,replaced,SP crossed the entry point within about 4 degrees of the entry heading with the check complete and the report at the pr
data/observations2/contact/contact-22.json,contact-22-em01,3,110,150,feet,replaced,"SP held the pattern altitude within approximately 110 feet, due to the altimeter cross-check through the turns running a fractio"
data/observations2/contact/contact-22.json,contact-22-em01,1,280,300,feet,replaced,"SP held the pattern altitude published in the LAP to within approximately 280 feet, at the outer edge of the standard, due to the altimeter cross-check "
data/observations2/contact/contact-22.json,contact-22-em02,3,8,10,knots,replaced,"SP held pattern airspeed within approximately 8 knots, due to the power setting for each leg being refined a fraction after"
data/observations2/contact/contact-22.json,contact-22-em02,1,18,20,knots,replaced,"SP held the pattern airspeeds published in the LAP to within approximately 18 knots, at the outer edge of the standard, due to the power reduction being "
data/observations2/contact/contact-22.json,contact-22-em03,3,4,5,degrees,replaced,"SP exited every pattern turn within approximately 4 degrees of the required heading, due to the lead point being set correctly bu"
data/observations2/contact/contact-22.json,contact-22-em03,1,9,10,degrees,replaced,"SP exited the pattern turns within approximately 9 degrees of the required headings, at the outer edge of the standard, due to t"
data/observations2/contact/contact-22.json,contact-22-tm01,3,8,10,knots,replaced," the initial aligned with the landing runway, holding 200 KIAS within approximately 8 knots and the runway heading within approximately 4 degrees, due to the pow"
data/observations2/contact/contact-22.json,contact-22-tm01,3,4,5,degrees,replaced,"g 200 KIAS within approximately 8 knots and the runway heading within approximately 4 degrees, due to the power schedule being confirmed a fraction after the initi"
data/observations2/contact/contact-22.json,contact-22-tm01,1,18,20,knots,replaced," the initial aligned with the landing runway, holding 200 KIAS within approximately 18 knots and the runway heading within approximately 9 degrees, at the outer e"
data/observations2/contact/contact-22.json,contact-22-tm01,1,9,10,degrees,replaced," 200 KIAS within approximately 18 knots and the runway heading within approximately 9 degrees, at the outer edge of the standard, due to the power schedule being s"
data/observations2/contact/contact-22.json,contact-22-tm03,3,8,10,knots,replaced,"to approximately 10 percent at the same time, holding airspeed within approximately 8 knots of the 120 to 147 KIAS band and altitude within approximately 110 fee"
data/observations2/contact/contact-22.json,contact-22-tm03,3,110,150,feet,replaced,"approximately 8 knots of the 120 to 147 KIAS band and altitude within approximately 110 feet of pattern altitude, due to bank and backpressure being varied for th"
data/observations2/contact/contact-22.json,contact-22-tm03,1,18,20,knots,replaced,"adjusted the PCL to approximately 10 percent, holding airspeed within approximately 18 knots of the 120 to 147 KIAS band and altitude within approximately 280 fee"
data/observations2/contact/contact-22.json,contact-22-tm03,1,280,300,feet,replaced,"pproximately 18 knots of the 120 to 147 KIAS band and altitude within approximately 280 feet of pattern altitude, at the outer edge of the standard, due to the ba"
data/observations2/contact/contact-22.json,contact-22-tm04,3,110,150,feet,replaced,"reased and retrimmed after lowering the gear, holding altitude within approximately 110 feet and airspeed within approximately 8 knots on downwind, due to the fin"
data/observations2/contact/contact-22.json,contact-22-tm04,3,8,10,knots,replaced,"r, holding altitude within approximately 110 feet and airspeed within approximately 8 knots on downwind, due to the final trim check coming a fraction after the "
data/observations2/contact/contact-22.json,contact-22-tm04,1,280,300,feet,replaced,"creased in the break, reaching zero control forces on downwind within approximately 280 feet of pattern altitude and approximately 18 knots of the planned airspee"
data/observations2/contact/contact-22.json,contact-22-tm04,1,18,20,knots,replaced,"ces on downwind within approximately 280 feet of pattern altitude and approximately 18 knots of the planned airspeed, at the outer edge of the standard, due to th"
data/observations2/contact/contact-22.json,contact-22-tm05,3,8,10,knots,replaced,"momentarily and lowered the gear abeam tower, holding airspeed within approximately 8 knots and altitude within approximately 110 feet through the configuration "
data/observations2/contact/contact-22.json,contact-22-tm05,3,110,150,feet,replaced,"er, holding airspeed within approximately 8 knots and altitude within approximately 110 feet through the configuration change, due to the flaps at approach AOA be"
data/observations2/contact/contact-22.json,contact-22-tm05,1,18,20,knots,replaced,"KIAS and configured the aircraft abeam tower, holding airspeed within approximately 18 knots and altitude within approximately 280 feet through the change, at the"
data/observations2/contact/contact-22.json,contact-22-tm05,1,280,300,feet,replaced,"r, holding airspeed within approximately 18 knots and altitude within approximately 280 feet through the change, at the outer edge of the standard, due to the pau"
data/observations2/contact/contact-22.json,contact-22-tm07,3,8,10,knots,replaced,"IAS minimum, properly configured and trimmed, holding airspeed within approximately 8 knots and pattern altitude within approximately 110 feet at the roll-in, du"
data/observations2/contact/contact-22.json,contact-22-tm07,3,110,150,feet,replaced,"ing airspeed within approximately 8 knots and pattern altitude within approximately 110 feet at the roll-in, due to the final turn bank being confirmed a fraction"
data/observations2/contact/contact-22.json,contact-22-tm07,1,18,20,knots,replaced,"rived at the perch point at 120 KIAS minimum, holding airspeed within approximately 18 knots and pattern altitude within approximately 280 feet at the roll-in, at"
data/observations2/contact/contact-22.json,contact-22-tm07,1,280,300,feet,replaced,"ng airspeed within approximately 18 knots and pattern altitude within approximately 280 feet at the roll-in, at the outer edge of the standard, due to power being"
data/observations2/contact/contact-22.json,contact-22-tm08,3,110,150,feet,skip-between,"ed and executed a go-around without hesitation, keeping deviations to approximately 110 feet and 8 knots up to the decision, due to the query to the tower being m"
data/observations2/contact/contact-22.json,contact-22-tm08,3,8,10,knots,replaced," without hesitation, keeping deviations to approximately 110 feet and 8 knots up to the decision, due to the query to the tower being made a fracti"
data/observations2/contact/contact-22.json,contact-22-tm08,1,280,300,feet,skip-between,"on in the pattern and executed a go-around, holding the deviations to approximately 280 feet and 18 knots up to the decision, at the outer edge of the standard, d"
data/observations2/contact/contact-22.json,contact-22-tm08,1,18,20,knots,replaced,"ted a go-around, holding the deviations to approximately 280 feet and 18 knots up to the decision, at the outer edge of the standard, due to the dec"
data/observations2/contact/contact-22.json,contact-22-em09,3,120,150,feet,replaced,SP stayed within about 120 ft of pattern altitude in the break and arrived at the perch within 8 kt
data/observations2/contact/contact-22.json,contact-22-em09,3,8,10,knots,replaced,"bout 120 ft of pattern altitude in the break and arrived at the perch within 8 kt of the target, due to the power reduction being a fraction smaller th"
data/observations2/contact/contact-22.json,contact-22-em10,3,4,5,degrees,replaced,"SP rolled out within about 4 degrees of the final heading and 120 ft of the normal final altitude, due to "
data/observations2/contact/contact-22.json,contact-22-em10,3,120,150,feet,replaced,"SP rolled out within about 4 degrees of the final heading and 120 ft of the normal final altitude, due to the roll-out being started a fra"
data/observations2/contact/contact-22.json,contact-22-tm09,3,4,5,degrees,replaced,SP rolled out within about 4 degrees of the final heading and 120 ft of the normal final altitude with the
data/observations2/contact/contact-22.json,contact-22-tm09,3,120,150,feet,replaced,"SP rolled out within about 4 degrees of the final heading and 120 ft of the normal final altitude with the wind, due to the perch being di"
data/observations2/contact/contact-23.json,contact-23-em01,3,110,150,feet,replaced,"SP flew the break at the briefed pattern altitude within approximately 110 feet, due to the coordination of power and pitch settling a fraction after"
data/observations2/contact/contact-23.json,contact-23-em01,1,280,300,feet,replaced,"w the break at the briefed pattern altitude, holding the deviation to approximately 280 feet, at the outer edge of the standard, due to the power reduction on the"
data/observations2/contact/contact-23.json,contact-23-em02,3,7,10,degrees,replaced,"SP established the briefed break bank within approximately 7 degrees, due to the cross-check against the attitude indicator running a frac"
data/observations2/contact/contact-23.json,contact-23-em02,1,14,15,degrees,replaced,"SP established the briefed break bank, holding the deviation to approximately 14 degrees, at the outer edge of the standard, due to the roll rate being monito"
data/observations2/contact/contact-23.json,contact-23-em03,3,110,150,feet,replaced,"SP levelled at the briefed downwind altitude within approximately 110 feet, due to the final trim check settling a fraction after the aircraft h"
data/observations2/contact/contact-23.json,contact-23-em03,1,280,300,feet,replaced,"e briefed downwind altitude after the break, holding the deviation to approximately 280 feet, at the outer edge of the standard, due to the trim change after gear"
data/observations2/contact/contact-23.json,contact-23-em04,3,8,10,knots,replaced,"at or above the 120 KIAS minimum, holding the briefed airspeed within approximately 8 knots on the high side, due to the power anticipation for the second config"
data/observations2/contact/contact-23.json,contact-23-em04,1,18,20,knots,replaced,"ind at or above the 120 KIAS minimum, holding the briefed airspeed to approximately 18 knots fast, at the outer edge of the standard, due to power being left high"
data/observations2/contact/contact-23.json,contact-23-em05,3,8,10,knots,replaced,"SP flew the base leg with airspeed held within approximately 8 knots on the high side of the briefed value, due to the roll-out point bein"
data/observations2/contact/contact-23.json,contact-23-em05,1,18,20,knots,replaced,"SP flew the base leg with airspeed held to approximately 18 knots on the high side of the briefed value and with no excursion below it,"
data/observations2/contact/contact-23.json,contact-23-em06,3,80,100,feet,replaced,"high and 50 feet low of the correct profile, holding the deviation to approximately 80 feet high, due to the profile being stabilized a fraction after roll-out r"
data/observations2/contact/contact-23.json,contact-23-em06,1,180,200,feet,replaced,"SP flew the final within the tolerance limit, holding the profile to approximately 180 feet high, at the outer edge of the standard, due to the descent rate afte"
data/observations2/contact/contact-23.json,contact-23-em07,3,8,10,knots,replaced,"SP held final airspeed within approximately 8 knots on the high side of the briefed value with no excursion below it, due"
data/observations2/contact/contact-23.json,contact-23-em07,1,14,15,knots,replaced,"SP held final airspeed to approximately 14 knots on the high side of the briefed value and with no excursion below it,"
data/observations2/contact/contact-23.json,contact-23-em13,3,8,10,knots,replaced," pattern for the no flap configuration and held final airspeed within approximately 8 knots on the high side, due to the profile being stabilized a fraction afte"
data/observations2/contact/contact-23.json,contact-23-em13,1,13,,knots,skip-ambiguous: er must BE C1 (spec 5.9) [plus side] target=ambiguous(15/20)," the pattern for the no flap configuration, holding final airspeed to approximately 13 knots on the high side, at the outer edge of the standard, due to the power"
data/observations2/contact/contact-23.json,contact-23-em14,3,8,10,knots,replaced,"figuration within the published limitation and held parameters within approximately 8 knots on the high side, due to the required checks being completed a fracti"
data/observations2/contact/contact-23.json,contact-23-em14,1,13,,knots,skip-ambiguous: er must BE C1 (spec 5.9) [plus side] target=ambiguous(15/20),"ithin the published limitation, holding downwind and base airspeed to approximately 13 knots on the high side, at the outer edge of the standard, due to the power"
data/observations2/contact/contact-23.json,contact-23-tm01,3,40,,feet,skip-ambiguous:  must BE C3 (spec 5.9) [minus side] target=ambiguous(50/150),"r, displaced into the wind as required, holding final altitude within approximately 40 feet low, due to the planned bank being confirmed a fraction after roll-in"
data/observations2/contact/contact-23.json,contact-23-tm01,1,90,,feet,skip-ambiguous: must BE C1 (spec 5.9) [minus side] target=ambiguous(100/300),"arted the final turn with the planned bank, holding final altitude to approximately 90 feet low, at the outer edge of the standard, due to the wind displacement "
data/observations2/contact/contact-23.json,contact-23-tm02,3,40,,feet,skip-ambiguous:  must BE C3 (spec 5.9) [minus side] target=ambiguous(50/150)," 4 degree glidepath with a steady aim point, holding the deviation to approximately 40 feet below the profile, due to the tendency to go low being met a fraction"
data/observations2/contact/contact-23.json,contact-23-tm02,1,90,,feet,skip-ambiguous: must BE C1 (spec 5.9) [minus side] target=ambiguous(100/300),"without excessive altitude loss in the turn, holding the deviation to approximately 90 feet low, at the outer edge of the standard, due to power being added only"
data/observations2/contact/contact-23.json,contact-23-tm03,3,80,,feet,skip-ambiguous:  must BE C3 (spec 5.9) [plus side] target=ambiguous(100/150),"ightly higher than normal descent rate, holding final altitude within approximately 80 feet high, due to the return to a normal descent rate once re-established "
data/observations2/contact/contact-23.json,contact-23-tm03,1,180,,feet,skip-ambiguous:  must BE C1 (spec 5.9) [plus side] target=ambiguous(200/300),"o go above the glide path and corrected it, holding final altitude to approximately 180 feet high, at the outer edge of the standard, due to the descent rate bein"
data/observations2/contact/contact-23.json,contact-23-tm06,3,110,,feet,skip-ambiguous: -3 number must BE C3 (spec 5.9) target=ambiguous(50/100/150),"proximately 30 to 35 percent torque, holding downwind altitude within approximately 110 feet, due to the hands-off confirmation coming a fraction after the trim w"
data/observations2/contact/contact-23.json,contact-23-tm06,1,280,,feet,skip-ambiguous:  must BE C1 (spec 5.9) [plus side] target=ambiguous(200/300)," immediately after the gear was lowered, holding downwind altitude to approximately 280 feet and airspeed at or above the 120 KIAS minimum, at the outer edge of t"
data/observations2/contact/contact-23.json,contact-23-tm07,3,8,10,knots,replaced,"imum, to the final approach speed, holding the corrected value within approximately 8 knots on the high side, due to the crosswind flap setting being confirmed a"
data/observations2/contact/contact-23.json,contact-23-tm07,1,14,,knots,skip-ambiguous: er must BE C1 (spec 5.9) [plus side] target=ambiguous(15/20),"st factor to the final approach speed, holding the corrected value to approximately 14 knots on the high side, at the outer edge of the standard, due to the addit"
data/observations2/contact/contact-23.json,contact-23-em15,3,120,,feet,skip-ambiguous: -3 number must BE C3 (spec 5.9) target=ambiguous(50/100/150),"he bank within 8 degrees of the briefed value and the altitude within about 120 ft, due to the back pressure coming in a fraction after the roll had set"
data/observations2/contact/contact-23.json,contact-23-em15,3,8,10,degrees,replaced,"SP flew the break with the bank within 8 degrees of the briefed value and the altitude within about 120 ft, due to the"
data/observations2/contact/contact-23.json,contact-23-em15,1,280,,feet,skip-ambiguous: 1 number must BE C1 (spec 5.9) target=ambiguous(100/200/300)," bank about 15 degrees over the briefed value and an altitude gain of approximately 280 ft, at the outer edge of the standard, due to the back pressure being ap"
data/observations2/contact/contact-23.json,contact-23-em16,3,8,10,knots,replaced,"SP rolled out on downwind within about 8 kt of the target airspeed and within 120 ft of pattern altitude, due to "
data/observations2/contact/contact-23.json,contact-23-em16,3,120,150,feet,replaced,"P rolled out on downwind within about 8 kt of the target airspeed and within 120 ft of pattern altitude, due to the power reduction in the break being se"
data/observations2/contact/contact-23.json,contact-23-em16,1,280,300,feet,replaced,"SP rolled out on downwind about 20 kt fast and approximately 280 ft high, at the outer edge of the standard, due to the power reduction b"
data/observations2/contact/contact-23.json,contact-23-em17,3,8,10,knots,replaced,"SP flew the base leg and the final within about 8 kt of their targets, due to the power reduction at the perch settling a "
data/observations2/contact/contact-23.json,contact-23-em17,1,15,20,knots,replaced,"SP flew the base leg about 20 kt fast and rolled out on final about 15 kt fast, at the outer edge of the standard on both legs, due to the nose"
data/observations2/contact/contact-23.json,contact-23-em18,3,80,,feet,skip-ambiguous: at-3 number must BE C3 (spec 5.9) target=ambiguous(50/100),"SP rolled out on final within about 80 ft of the glidepath altitude and within 8 kt of the approach speed, due "
data/observations2/contact/contact-23.json,contact-23-em18,3,8,10,knots,replaced," rolled out on final within about 80 ft of the glidepath altitude and within 8 kt of the approach speed, due to the perch being judged a fraction early"
data/observations2/contact/contact-23.json,contact-23-em19,3,120,150,feet,replaced,"SP kept the break within about 120 ft, the downwind within 8 kt and the final within 8 kt of their targets,"
data/observations2/contact/contact-23.json,contact-23-em19,3,8,10,knots,replaced,"SP kept the break within about 120 ft, the downwind within 8 kt and the final within 8 kt of their targets, due to the cross-check se"
data/observations2/contact/contact-23.json,contact-23-em19,3,8,10,knots,replaced,"the break within about 120 ft, the downwind within 8 kt and the final within 8 kt of their targets, due to the cross-check settling into the leg a frac"
data/observations2/contact/contact-23.json,contact-23-em20,3,120,150,feet,replaced,SP held the downwind within about 120 ft of pattern altitude and rolled out on final within about 40 ft of the
data/observations2/contact/contact-23.json,contact-23-em20,3,40,150,feet,replaced,"ithin about 120 ft of pattern altitude and rolled out on final within about 40 ft of the glidepath altitude, due to the nose settling slightly as the a"
data/observations2/contact/contact-23.json,contact-23-em22,3,80,,feet,skip-ambiguous: at-3 number must BE C3 (spec 5.9) target=ambiguous(50/100),"SP rolled out on final within about 80 ft of the glidepath altitude and on the extended centerline, due to the "
data/observations2/contact/contact-23.json,contact-23-tm09,3,120,,feet,skip-ambiguous: -3 number must BE C3 (spec 5.9) target=ambiguous(50/100/150),"SP flew the break level within about 120 ft and decelerated on the schedule, due to the trim lagging the decelera"
data/observations2/contact/contact-23.json,contact-23-tm10,3,40,,feet,skip-ambiguous: -3 number must BE C3 (spec 5.9) target=ambiguous(50/100/150),"l turn continuously at about 30 degrees of bank and rolled out within about 40 ft of the glidepath altitude, due to the bank easing a few degrees in th"
data/observations2/contact/contact-23.json,contact-23-tm11,3,8,10,knots,replaced,"SP flew the final with the aim point fixed and the airspeed within about 8 kt of the approach speed, due to a small pitch input accompanying each p"
data/observations2/contact/contact-23.json,contact-23-tm12,3,80,,feet,skip-ambiguous: -3 number must BE C3 (spec 5.9) target=ambiguous(50/100/150),"SP assessed and corrected the irregularities on final within about 80 ft of the glidepath altitude, due to the assessment being made in silenc"
data/observations2/contact/contact-24.json,contact-24-em01,3,900,,feet,skip-ambiguous: 3 number must BE C3 (spec 5.9) target=ambiguous(5/1000/1500),"the round out timely and brought the A/C in touch with the RWY within approximately 900 ft from the beginning of the RWY, due to the control of the rate of desc"
data/observations2/contact/contact-24.json,contact-24-em02,3,4,,feet,skip-ambiguous: 3 number must BE C3 (spec 5.9) target=ambiguous(5/1000/1500),"WY centerline in the final part of the approach, touching down within approximately 4 ft, due to the aileron correction through the round out trailing the rud"
data/observations2/contact/contact-24.json,contact-24-em02,1,14,,feet,skip-ambiguous:  number must BE C1 (spec 5.9) target=ambiguous(15/1500/2000),"he A/C to the RWY centerline before contact, holding the deviation to approximately 14 ft, at the outer edge of the standard, due to the rudder input for the f"
data/observations2/contact/contact-24.json,contact-24-em03,3,4,5,knots,replaced,"er gradually and controlled the rate of descent, touching down within approximately 4 kt above the computed touchdown speed, due to the landing attitude being"
data/observations2/contact/contact-24.json,contact-24-em03,1,9,10,knots,replaced,"touchdown speed within the landing criteria, holding the deviation to approximately 9 kt above the computed value, at the outer edge of the standard, due to t"
data/observations2/contact/contact-24.json,contact-24-em04,3,1400,,feet,skip-ambiguous: 3 number must BE C3 (spec 5.9) target=ambiguous(5/1000/1500)," round out timely for the no-flap configuration, touching down within approximately 1400 ft from the beginning of the RWY, due to the flatter approach path being"
data/observations2/contact/contact-24.json,contact-24-em05,3,4,5,knots,replaced,"p approach speed with a gradual power reduction, touching down within approximately 4 kt above the computed touchdown speed, due to the transition from approa"
data/observations2/contact/contact-24.json,contact-24-em05,1,9,10,knots,replaced,"ouchdown speed in the no-flap configuration, holding the deviation to approximately 9 kt above the computed value, at the outer edge of the standard, due to t"
data/observations2/contact/contact-24.json,contact-24-em07,3,900,,feet,skip-ambiguous: 3 number must BE C3 (spec 5.9) target=ambiguous(5/1000/1500),"ound out timely for the FLAPS T/O configuration, touching down within approximately 900 ft from the beginning of the RWY, due to the aim point being confirmed a"
data/observations2/contact/contact-24.json,contact-24-em08,3,4,5,knots,replaced,"rate of descent for the FLAPS T/O configuration, touching down within approximately 4 kt above the computed touchdown speed, due to energy management from the"
data/observations2/contact/contact-24.json,contact-24-em08,1,9,10,knots,replaced,"chdown speed in the FLAPS T/O configuration, holding the deviation to approximately 9 kt above the computed value, at the outer edge of the standard, due to p"
data/observations2/contact/contact-24.json,contact-24-em09,3,4,,feet,skip-ambiguous: 3 number must BE C3 (spec 5.9) target=ambiguous(5/1000/1500),"osswind controls in the FLAPS T/O configuration, touching down within approximately 4 ft of the centerline, due to the crosswind inputs being increased throug"
data/observations2/contact/contact-24.json,contact-24-em09,1,14,,feet,skip-ambiguous:  number must BE C1 (spec 5.9) target=ambiguous(15/1500/2000),"ls in the FLAPS T/O configuration, holding the touchdown deviation to approximately 14 ft from the centerline, at the outer edge of the standard, due to the up"
data/observations2/contact/contact-24.json,contact-24-em10,3,4,5,knots,replaced,"e AOA indication against the outside references, touching down within approximately 4 kt above the computed value, due to the pitch correction for a small AOA"
data/observations2/contact/contact-24.json,contact-24-em11,3,900,,feet,skip-ambiguous: 3 number must BE C3 (spec 5.9) target=ambiguous(5/1000/1500),"proach with pitch on AOA and power on aim point, touching down within approximately 900 ft from the beginning of the RWY, due to the aim point being confirmed f"
data/observations2/contact/contact-24.json,contact-24-tm02,3,950,,feet,skip-ambiguous: 3 number must BE C3 (spec 5.9) target=ambiguous(5/1000/1500),"ate correctly and executed the round out timely, touching down within approximately 950 ft from the beginning of the RWY and approximately 4 kt above the touchd"
data/observations2/contact/contact-24.json,contact-24-tm02,3,4,5,knots,replaced,"ng down within approximately 950 ft from the beginning of the RWY and approximately 4 kt above the touchdown speed, due to the rate of backpressure trailing t"
data/observations2/contact/contact-24.json,contact-24-tm02,1,9,10,knots,replaced,"n to approximately 1450 ft from the beginning of the RWY and speed to approximately 9 kt above the touchdown speed, at the outer edge of the standard, due to "
data/observations2/contact/contact-24.json,contact-24-tm03,3,4,5,knots,replaced,"ng attitude with the main gear contacting first, touching down within approximately 4 kt above the touchdown speed, due to the backstick pressure being relaxe"
data/observations2/contact/contact-24.json,contact-24-tm03,1,9,10,knots,replaced,"anding attitude with the main gear contacting first, holding speed to approximately 9 kt above the touchdown speed, at the outer edge of the standard, due to "
data/observations2/contact/contact-24.json,contact-24-tm04,3,950,,feet,skip-ambiguous: 3 number must BE C3 (spec 5.9) target=ambiguous(5/1000/1500)," the correct airspeed with no significant float, touching down within approximately 950 ft from the beginning of the RWY and approximately 4 kt above the touchd"
data/observations2/contact/contact-24.json,contact-24-tm04,3,4,5,knots,replaced,"ng down within approximately 950 ft from the beginning of the RWY and approximately 4 kt above the touchdown speed, due to the go-around option being assessed"
data/observations2/contact/contact-24.json,contact-24-tm04,1,9,10,knots,replaced,"n to approximately 1450 ft from the beginning of the RWY and speed to approximately 9 kt above the touchdown speed, at the outer edge of the standard, due to "
data/observations2/contact/contact-24.json,contact-24-tm05,3,950,,feet,skip-ambiguous: 3 number must BE C3 (spec 5.9) target=ambiguous(5/1000/1500),"ecreased so no significant ballooning developed, touching down within approximately 950 ft from the beginning of the RWY, due to the severity of the balloon bei"
data/observations2/contact/contact-24.json,contact-24-tm06,3,4,,feet,skip-ambiguous: 3 number must BE C3 (spec 5.9) target=ambiguous(5/1000/1500),"he upwind wing tended to rise after touchdown, keeping the A/C within approximately 4 ft of the centerline, due to the aileron being increased into the wind a"
data/observations2/contact/contact-24.json,contact-24-tm06,1,14,,feet,skip-ambiguous:  number must BE C1 (spec 5.9) target=ambiguous(15/1500/2000),"he upwind wing tended to rise after touchdown, holding the A/C within approximately 14 ft of the centerline, at the outer edge of the standard, due to the aile"
data/observations2/contact/contact-24.json,contact-24-tm07,3,950,,feet,skip-ambiguous: 3 number must BE C3 (spec 5.9) target=ambiguous(5/1000/1500),"and shifted the aim point about 2 seconds later, touching down within approximately 950 ft from the beginning of the RWY and approximately 4 kt above the touchd"
data/observations2/contact/contact-24.json,contact-24-tm07,3,4,5,knots,replaced,"ng down within approximately 950 ft from the beginning of the RWY and approximately 4 kt above the touchdown speed, due to the rate of the reduction being bas"
data/observations2/contact/contact-24.json,contact-24-tm07,1,1450,,feet,skip-ambiguous:  number must BE C1 (spec 5.9) target=ambiguous(15/1500/2000),"ue approximately 1000 ft short of the aim point, holding touchdown to approximately 1450 ft from the beginning of the RWY and speed to approximately 9 kt above t"
data/observations2/contact/contact-24.json,contact-24-tm07,1,9,10,knots,replaced,"n to approximately 1450 ft from the beginning of the RWY and speed to approximately 9 kt above the touchdown speed, at the outer edge of the standard, due to "
data/observations2/contact/contact-24.json,contact-24-tm08,3,4,,feet,skip-ambiguous: 3 number must BE C3 (spec 5.9) target=ambiguous(5/1000/1500),"d stick pressure required by the landing trim, keeping the A/C within approximately 4 ft of the centerline, due to re-trimming during the takeoff portion bein"
data/observations2/contact/contact-24.json,contact-24-tm08,1,14,,feet,skip-ambiguous:  number must BE C1 (spec 5.9) target=ambiguous(15/1500/2000),"d stick pressure required by the landing trim, holding the A/C within approximately 14 ft of the centerline, at the outer edge of the standard, due to right ru"
data/observations2/contact/contact-24.json,contact-24-em16,3,4,,knots,skip-ambiguous: at-3 number must BE C3 (spec 5.9) target=ambiguous(0/5),"SP touched down within about 4 kt of the target speed inside 1000 ft from the beginning of the RWY, due"
data/observations2/contact/contact-24.json,contact-24-em17,3,4,,feet,skip-ambiguous: 3 number must BE C3 (spec 5.9) target=ambiguous(5/1000/1500),"SP touched down within about 4 ft of the centerline with the fuselage aligned, due to the rudder being "
data/observations2/contact/contact-24.json,contact-24-em18,3,4,,knots,skip-ambiguous: at-3 number must BE C3 (spec 5.9) target=ambiguous(0/5),"SP touched down within about 4 kt of the target speed inside 1500 ft from the beginning of the RWY, due"
data/observations2/contact/contact-24.json,contact-24-em19,3,4,,knots,skip-ambiguous: at-3 number must BE C3 (spec 5.9) target=ambiguous(0/5),"SP touched down within about 4 kt of the target speed on the main gear, due to the landing attitude bei"
data/observations2/contact/contact-24.json,contact-24-tm10,3,4,,feet,skip-ambiguous: 3 number must BE C3 (spec 5.9) target=ambiguous(5/1000/1500),"SP touched down within about 4 ft of the centerline with the fuselage aligned, due to the transition to"
data/observations2/contact/contact-29.json,contact-29-em01,3,8,10,knots,replaced,"SP flew the final approach speed within about 8 knots of the computed value, correcting a brief high power setting carried "
data/observations2/contact/contact-29.json,contact-29-em01,1,14,15,knots,replaced,"SP held the final approach airspeed inside the code 1 band, reaching about 14 knots above the computed value after a momentarily high power setting carri"
data/observations2/contact/contact-29.json,contact-29-em02,3,130,150,feet,replaced,"SP tracked the desired glide path within about 130 feet for the final segment, correcting a brief high excursion that followe"
data/observations2/contact/contact-29.json,contact-29-em02,1,280,300,feet,replaced," the desired glide path inside the code 1 band, the aircraft settling about 280 feet above it after a slightly late power reduction at the start of the de"
data/observations2/contact/contact-29.json,contact-29-em03,3,8,10,knots,replaced, 1 1/2 NM from the threshold and held the final approach speed within about 8 knots of the computed value while the correction was made. The maneuver was
data/observations2/contact/contact-29.json,contact-29-em03,1,14,15,knots,replaced,"e 1/2 NM limit of the criteria, with the final approach speed fast by about 14 knots soon afterward. Performance met the desired standard for this stage, "
data/observations2/contact/contact-29.json,contact-29-em04,3,130,150,feet,replaced,"SP brought the aircraft to the five NM point within about 130 feet of the planned profile, correcting a brief high excursion that follow"
data/observations2/contact/contact-29.json,contact-29-em04,1,280,,feet,skip-ambiguous: at-1 number must BE C1 (spec 5.9) target=ambiguous(200/300),"SP brought the aircraft to the five NM point within the code 1 band, about 280 feet off the planned profile after a slightly late start of the descent. P"
data/observations2/contact/contact-29.json,contact-29-em05,3,8,10,knots,replaced,configuration prior to 2 NM with the final approach speed held within about 8 knots of the computed value throughout the sequence. The maneuver was flown
data/observations2/contact/contact-29.json,contact-29-em05,1,14,15,knots,replaced,"ior to 2 NM within the code 1 band, the final approach speed settling about 14 knots above the computed value while the last selection was made. Performan"
data/observations2/contact/contact-29.json,contact-29-em06,3,8,10,knots,replaced,cuted the required clearing with the final approach speed held within about 8 knots of the computed value throughout. The result is in line with the prof
data/observations2/contact/contact-29.json,contact-29-em06,1,14,15,knots,replaced,"clearing within the code 1 band, the final approach speed drifting to about 14 knots above the computed value while the transmission was being built. Perf"
data/observations2/contact/contact-29.json,contact-29-em07,3,8,10,knots,replaced,ve the standardized reports with the final approach speed held within about 8 knots of the computed value throughout. The maneuver was flown to the stand
data/observations2/contact/contact-29.json,contact-29-em07,1,14,15,knots,replaced,"zed reports within the code 1 band, the final approach speed reaching about 14 knots above the computed value while the last item was completed. Performan"
data/observations2/contact/contact-29.json,contact-29-em08,3,130,150,feet,replaced,"ound and executed it correctly, with the glide path excursion held to about 130 feet before the decision was made. The result is in line with the proficie"
data/observations2/contact/contact-29.json,contact-29-em08,1,280,,feet,skip-ambiguous: at-1 number must BE C1 (spec 5.9) target=ambiguous(200/300),"executed it within the code 1 band, the glide path excursion reaching about 280 feet before the decision was made. Performance met the desired standard fo"
data/observations2/contact/contact-29.json,contact-29-tm01,3,130,150,feet,replaced,cue for the configuration flown and held the resulting profile within about 130 feet of the desired glide path. The maneuver was flown to the standard the
data/observations2/contact/contact-29.json,contact-29-tm01,1,190,200,feet,replaced,"ted the descent at the aim point cue within the code 1 band, settling about 190 feet below the desired glide path before the profile was regained. Perform"
data/observations2/contact/contact-29.json,contact-29-tm02,3,130,150,feet,replaced,"de path early and corrected it, holding the vertical deviation within about 130 feet and the airspeed within about 8 knots of the computed value. The resu"
data/observations2/contact/contact-29.json,contact-29-tm02,3,8,10,knots,replaced, the vertical deviation within about 130 feet and the airspeed within about 8 knots of the computed value. The result is in line with the proficiency exp
data/observations2/contact/contact-29.json,contact-29-tm02,1,190,200,feet,replaced,"d the proper glide path within the code 1 band, the aircraft settling about 190 feet below it with the airspeed close to the computed value before power w"
data/observations2/contact/contact-29.json,contact-29-tm03,3,8,10,knots,replaced,uration from the actual conditions and flew its final airspeed within about 8 knots of the computed value. The maneuver was flown to the standard the Tra
data/observations2/contact/contact-29.json,contact-29-tm03,1,14,15,knots,replaced,"actual conditions within the code 1 band, the final airspeed reaching about 14 knots above the computed value before the correct target was re-established"
data/observations2/contact/contact-29.json,contact-29-tm04,3,8,10,knots,replaced,gust to the final approach speed and held the corrected target within about 8 knots throughout. The result is in line with the proficiency expected at th
data/observations2/contact/contact-29.json,contact-29-tm04,1,14,15,knots,replaced,"t correction within the code 1 band, the final approach speed sitting about 14 knots above the computed value until the corrected target was re-establishe"
data/observations2/contact/contact-29.json,contact-29-tm05,3,8,10,knots,replaced,checked airspeed against AOA and held the final approach speed within about 8 knots of the computed value throughout. The maneuver was flown to the stand
data/observations2/contact/contact-29.json,contact-29-tm05,1,14,15,knots,replaced," against AOA within the code 1 band, the final approach speed running about 14 knots above the computed value before the indexer was returned to the ON-SP"
data/observations2/contact/contact-29.json,contact-29-tm06,3,8,10,knots,replaced,final approach speed of the selected configuration and held it within about 8 knots throughout. The result is in line with the proficiency expected at th
data/observations2/contact/contact-29.json,contact-29-tm06,1,14,15,knots,replaced,"he selected configuration within the code 1 band, the target reaching about 14 knots off the correct value before it was restated at the flap change. Perf"
data/observations2/contact/contact-29.json,contact-29-em09,3,120,150,feet,replaced,SP arrived at the 2 NM point within about 120 ft of the desired glide path and reached the final approach speed within
data/observations2/contact/contact-29.json,contact-29-em11,3,120,150,feet,replaced,"SP held the aircraft within about 120 ft of the desired glide path, due to a power correction that was a fract"
data/observations2/contact/contact-29.json,contact-29-em12,3,120,150,feet,replaced,"SP held the aircraft within about 120 ft of the desired glide path, due to the power being brought back up a f"
data/observations2/contact/contact-29.json,contact-29-tm07,3,120,150,feet,skip-between,"SP assessed each irregularity within about 120 ft and 8 kt and corrected it, due to the go-around option being stated a"
data/observations2/contact/contact-29.json,contact-29-tm07,3,8,10,knots,replaced,"SP assessed each irregularity within about 120 ft and 8 kt and corrected it, due to the go-around option being stated a beat aft"
data/observations2/contact/contact-30.json,contact-30-em01,3,8,10,knots,replaced,"SP held the ELP airspeed schedule within about 8 knots fast of the target throughout the pattern, correcting a brief excursi"
data/observations2/contact/contact-30.json,contact-30-em01,1,13,15,knots,replaced,"ELP airspeed schedule inside the code 1 band, the glide speed running about 13 knots fast after high key before it was trimmed back. Performance met the d"
data/observations2/contact/contact-30.json,contact-30-em02,3,130,150,feet,replaced,"SP flew the ELP so that the key point altitudes stayed within about 130 feet of the planned figures, adjusting bank and ground track continuously "
data/observations2/contact/contact-30.json,contact-30-em02,1,280,300,feet,replaced,"SP flew the ELP key point altitudes inside the code 1 band, arriving about 280 feet high at high key before the ground track was adjusted. Performance me"
data/observations2/contact/contact-30.json,contact-30-em04,3,8,10,knots,replaced,"red the aircraft timely and correctly, holding the glide speed within about 8 knots fast of the schedule through each gear and flap selection. The result"
data/observations2/contact/contact-30.json,contact-30-em04,1,13,15,knots,replaced," timely and correctly inside the code 1 band, the glide speed running about 13 knots fast while the landing flaps were being set on short final. Performan"
data/observations2/contact/contact-30.json,contact-30-em05,3,8,10,knots,replaced,cedure and executed it in simulation with the glide speed held within about 8 knots fast of the schedule throughout. The maneuver was flown to the standa
data/observations2/contact/contact-30.json,contact-30-em05,1,13,15,knots,replaced,"ted it in simulation inside the code 1 band, the glide speed drifting about 13 knots fast while the last item was recalled. Performance met the desired st"
data/observations2/contact/contact-30.json,contact-30-em06,3,4,5,knots,replaced,"SP protected the required stall margin, holding the airspeed within about 4 knots slow of the schedule through the final turn and the round out. The re"
data/observations2/contact/contact-30.json,contact-30-em06,1,9,10,knots,replaced,"equired stall margin inside the code 1 band, the airspeed decaying to about 9 knots slow of the schedule in the final turn before back pressure was relax"
data/observations2/contact/contact-30.json,contact-30-em07,3,130,150,feet,replaced,"LP correctly, with the energy state at the decision point held within about 130 feet of the plan and the decision made in good time. The result is in line"
data/observations2/contact/contact-30.json,contact-30-em07,1,280,,feet,skip-ambiguous: at-1 number must BE C1 (spec 5.9) target=ambiguous(200/300),"nside the code 1 band, the energy state at the decision point running about 280 feet off the plan before the termination was flown. Performance met the de"
data/observations2/contact/contact-30.json,contact-30-em08,3,130,150,feet,replaced,"e ground track adjusted for the wind, keeping the displacement within about 130 feet of energy of the plan and rolling out on final aligned with the runwa"
data/observations2/contact/contact-30.json,contact-30-em09,3,130,150,feet,replaced," simulated emergency correctly, holding the key point altitude within about 130 feet of the plan while the IP was kept informed of the energy state and th"
data/observations2/contact/contact-30.json,contact-30-em09,1,280,,feet,skip-ambiguous: at-1 number must BE C1 (spec 5.9) target=ambiguous(200/300),"the IP and ATC inside the code 1 band, the key point altitude running about 280 feet off the plan while the required calls were being made. Performance me"
data/observations2/contact/contact-30.json,contact-30-tm01,3,8,,knots,skip-ambiguous: at-3 number must BE C3 (spec 5.9) target=ambiguous(5/10),as entered within about 130 feet of the key point altitude and within about 8 knots of the glide speed. The result is in line with the proficiency expect
data/observations2/contact/contact-30.json,contact-30-tm01,3,130,150,feet,replaced,"ean up, check and BIP sequence so that the pattern was entered within about 130 feet of the key point altitude and within about 8 knots of the glide speed"
data/observations2/contact/contact-30.json,contact-30-tm01,1,280,,feet,skip-ambiguous: at-1 number must BE C1 (spec 5.9) target=ambiguous(200/300),", check and BIP sequence inside the code 1 band, entering the pattern about 280 feet off the key point altitude and about 13 knots off the glide speed whi"
data/observations2/contact/contact-30.json,contact-30-tm01,1,13,,knots,skip-ambiguous: at-1 number must BE C1 (spec 5.9) target=ambiguous(10/15),"d, entering the pattern about 280 feet off the key point altitude and about 13 knots off the glide speed while the zoom was still being flattened. Perform"
data/observations2/contact/contact-30.json,contact-30-tm02,3,130,150,feet,replaced," simulated failure was handled, holding the key point altitude within about 130 feet and the glide speed within about 4 knots slow of the schedule. The ma"
data/observations2/contact/contact-30.json,contact-30-tm02,3,4,5,knots,replaced,e key point altitude within about 130 feet and the glide speed within about 4 knots slow of the schedule. The maneuver was flown to the standard the Trai
data/observations2/contact/contact-30.json,contact-30-tm02,1,195,200,feet,replaced,"up excess drag inside the code 1 band, the key point altitude running about 195 feet low and the glide speed about 9 knots slow before the drag devices we"
data/observations2/contact/contact-30.json,contact-30-tm02,1,9,10,knots,replaced,the key point altitude running about 195 feet low and the glide speed about 9 knots slow before the drag devices were retracted. Performance met the desi
data/observations2/contact/contact-30.json,contact-30-tm03,3,130,150,feet,replaced,"the 1350 to 1500 fpm reference, holding the key point altitude within about 130 feet and the airspeed within about 4 knots slow of the schedule. The resul"
data/observations2/contact/contact-30.json,contact-30-tm03,1,195,200,feet,replaced," fpm reference inside the code 1 band, the key point altitude running about 195 feet low and the airspeed about 9 knots slow before torque was adjusted. P"
data/observations2/contact/contact-30.json,contact-30-tm03,1,9,10,knots,replaced,"d, the key point altitude running about 195 feet low and the airspeed about 9 knots slow before torque was adjusted. Performance met the desired standard"
data/observations2/contact/contact-30.json,contact-30-tm04,3,130,150,feet,replaced,"rplus energy early and dissipated it before high key, arriving within about 130 feet and about 8 knots fast of the glide speed, wings level and aligned wi"
data/observations2/contact/contact-30.json,contact-30-tm04,3,8,10,knots,replaced,"and dissipated it before high key, arriving within about 130 feet and about 8 knots fast of the glide speed, wings level and aligned with the runway. The"
data/observations2/contact/contact-30.json,contact-30-tm04,1,280,300,feet,replaced,"ed the excess energy before high key inside the code 1 band, arriving about 280 feet high and about 13 knots fast before the alignment was corrected in th"
data/observations2/contact/contact-30.json,contact-30-tm04,1,13,15,knots,replaced,"ore high key inside the code 1 band, arriving about 280 feet high and about 13 knots fast before the alignment was corrected in the turn to low key. Perfo"
data/observations2/contact/contact-30.json,contact-30-tm05,3,130,150,feet,replaced,"owered and opposite top rudder, holding the key point altitude within about 130 feet and the airspeed within about 4 knots slow of 125 KIAS. The result is"
data/observations2/contact/contact-30.json,contact-30-tm05,3,4,5,knots,replaced, the key point altitude within about 130 feet and the airspeed within about 4 knots slow of 125 KIAS. The result is in line with the proficiency expected
data/observations2/contact/contact-30.json,contact-30-tm05,1,195,200,feet,replaced," flew the slip inside the code 1 band, the key point altitude running about 195 feet low and the airspeed about 9 knots slow before the slip was stopped a"
data/observations2/contact/contact-30.json,contact-30-tm05,1,9,10,knots,replaced,"d, the key point altitude running about 195 feet low and the airspeed about 9 knots slow before the slip was stopped and the wings rolled level. Performa"
data/observations2/contact/contact-30.json,contact-30-tm06,3,130,150,feet,replaced,"toward low key with the appropriate bank, holding the position within about 130 feet and the airspeed within about 8 knots fast of the schedule at the win"
data/observations2/contact/contact-30.json,contact-30-tm06,3,8,10,knots,replaced,"k, holding the position within about 130 feet and the airspeed within about 8 knots fast of the schedule at the wing tip distance picture. The result is "
data/observations2/contact/contact-30.json,contact-30-tm06,1,280,,feet,skip-ambiguous: at-1 number must BE C1 (spec 5.9) target=ambiguous(200/300)," entry and the spacing to low key inside the code 1 band, rolling out about 280 feet off altitude with the airspeed about 13 knots fast before the positio"
data/observations2/contact/contact-30.json,contact-30-tm06,1,13,15,knots,replaced,"ode 1 band, rolling out about 280 feet off altitude with the airspeed about 13 knots fast before the position was corrected against the runway reference. "
data/observations2/contact/contact-30.json,contact-30-tm07,3,8,,knots,skip-ambiguous: at-3 number must BE C3 (spec 5.9) target=ambiguous(5/10),"ly, holding the profile within about 130 feet and the airspeed within about 8 knots of the schedule while the continue decision, the gear confirmation an"
data/observations2/contact/contact-30.json,contact-30-tm07,3,130,150,feet,replaced,"SP applied ORM 3-2-1 correctly, holding the profile within about 130 feet and the airspeed within about 8 knots of the schedule while the conti"
data/observations2/contact/contact-30.json,contact-30-tm07,1,280,,feet,skip-ambiguous: at-1 number must BE C1 (spec 5.9) target=ambiguous(200/300),"plied the ORM 3-2-1 gates inside the code 1 band, the profile running about 280 feet off and the airspeed about 13 knots off the schedule while the gear c"
data/observations2/contact/contact-30.json,contact-30-tm07,1,13,,knots,skip-ambiguous: at-1 number must BE C1 (spec 5.9) target=ambiguous(10/15)," code 1 band, the profile running about 280 feet off and the airspeed about 13 knots off the schedule while the gear confirmation was still pending past 2"
data/observations2/contact/contact-30.json,contact-30-tm08,3,130,150,feet,replaced,"o call and configuration check, holding the key point altitude within about 130 feet and the airspeed within about 4 knots slow of the schedule. The resul"
data/observations2/contact/contact-30.json,contact-30-tm08,3,4,5,knots,replaced, the key point altitude within about 130 feet and the airspeed within about 4 knots slow of the schedule. The result is in line with the proficiency expe
data/observations2/contact/contact-30.json,contact-30-tm08,1,195,200,feet,replaced,"6 percent band inside the code 1 band, the key point altitude running about 195 feet low and the airspeed about 9 knots slow before the setting was correc"
data/observations2/contact/contact-30.json,contact-30-tm08,1,9,10,knots,replaced,"d, the key point altitude running about 195 feet low and the airspeed about 9 knots slow before the setting was corrected. Performance met the desired st"
data/observations2/contact/contact-30.json,contact-30-em10,3,120,150,feet,skip-between,"SP arrived at high key within about 120 ft and 8 kt of the targets, due to the track adjustment for the small ex"
data/observations2/contact/contact-30.json,contact-30-em10,3,8,,knots,skip-ambiguous: at-3 number must BE C3 (spec 5.9) target=ambiguous(5/10),"SP arrived at high key within about 120 ft and 8 kt of the targets, due to the track adjustment for the small excess bein"
data/observations2/contact/contact-30.json,contact-30-em11,3,120,150,feet,replaced,"SP arrived at low key with the spacing as planned and within about 120 ft of the altitude, due to the descent in the turn being a fraction stee"
data/observations2/contact/contact-30.json,contact-30-em12,3,4,,knots,skip-ambiguous: at-3 number must BE C3 (spec 5.9) target=ambiguous(5/10),"SP held the airspeed within about 4 kt of the target through the final turn with the gear down, due to the n"
data/observations2/contact/contact-30.json,contact-30-tm09,3,120,150,feet,replaced,"SP arrived at low key within about 120 ft of the altitude on the planned spacing, due to the wind correction be"
data/observations2/contact/contact-30.json,contact-30-tm10,3,120,150,feet,skip-between,"SP predicted the energy at each key point and corrected within about 120 ft and 8 kt before it was reached, due to the correction being sized a f"
data/observations2/contact/contact-30.json,contact-30-tm10,3,8,,knots,skip-ambiguous: at-3 number must BE C3 (spec 5.9) target=ambiguous(5/10),"ed the energy at each key point and corrected within about 120 ft and 8 kt before it was reached, due to the correction being sized a fraction s"
data/observations2/contact/contact-30.json,contact-30-tm11,3,120,150,feet,replaced,"tched the correction to the pattern type and held the aircraft within about 120 ft of the profile at each key point, due to the geometry correction bein"
data/observations2/contact/contact-34.json,contact-34-em01,3,130,150,feet,replaced,"et the go around pitch attitude promptly, holding the altitude within about 130 feet through the climb. The maneuver was flown to the standard the Trainin"
data/observations2/contact/contact-34.json,contact-34-em01,1,280,300,feet,replaced,"the go around altitude inside the code 1 band, the deviation reaching about 280 feet before the correction was completed. Performance met the desired stan"
data/observations2/contact/contact-34.json,contact-34-em02,3,8,10,knots,replaced,"o around power without hesitation, holding the target airspeed within about 8 knots throughout the maneuver. The result is in line with the proficiency e"
data/observations2/contact/contact-34.json,contact-34-em02,1,18,20,knots,replaced,"the go around airspeed inside the code 1 band, the deviation reaching about 18 knots below the target before the airspeed was recovered. Performance met t"
data/observations2/contact/contact-34.json,contact-34-em03,3,4,5,degrees,replaced,eading during the go around and rolled out on the exit heading within about 4 degrees. The maneuver was flown to the standard the Training Section requires
data/observations2/contact/contact-34.json,contact-34-em03,1,9,10,degrees,replaced,"the go around inside the code 1 band, the exit heading error reaching about 9 degrees before it was regained. Performance met the desired standard for this"
data/observations2/contact/contact-34.json,contact-34-em04,3,130,150,feet,replaced,"und at the correct point, holding the resulting altitude deviation to about 130 feet. The result is in line with the proficiency expected at this point of"
data/observations2/contact/contact-34.json,contact-34-em04,1,280,300,feet,replaced," to go around inside the code 1 band, the altitude deviation reaching about 280 feet before the maneuver was initiated. Performance met the desired standa"
data/observations2/contact/contact-34.json,contact-34-em05,3,130,150,feet,replaced,ude as the command was received and holding the altitude deviation to about 130 feet. The maneuver was flown to the standard the Training Section requires
data/observations2/contact/contact-34.json,contact-34-em05,1,280,300,feet,replaced," around order inside the code 1 band, the altitude deviation reaching about 280 feet before power and pitch were applied. Performance met the desired stan"
data/observations2/contact/contact-34.json,contact-34-em06,3,8,10,knots,replaced,"nce, checking the airspeed before each selection and remaining within about 8 knots of the published limitation. The result is in line with the proficien"
data/observations2/contact/contact-34.json,contact-34-em06,1,18,20,knots,replaced," aircraft configuration inside the code 1 band, the airspeed reaching about 18 knots from the limiting speed of the selected setting before the sequence w"
data/observations2/contact/contact-34.json,contact-34-em07,3,130,150,feet,replaced,every step in the correct order and holding the altitude deviation to about 130 feet. The result is in line with the proficiency expected at this point of
data/observations2/contact/contact-34.json,contact-34-em07,1,280,300,feet,replaced,"und procedure inside the code 1 band, the altitude deviation reaching about 280 feet while the sequence was still being recalled. Performance met the desi"
data/observations2/contact/contact-34.json,contact-34-em08,3,8,10,knots,replaced,"he stall regime throughout the go around, holding the airspeed within about 8 knots of the threshold with no stall indications at any point. The result i"
data/observations2/contact/contact-34.json,contact-34-em08,1,18,20,knots,replaced,"f stall characteristics inside the code 1 band, the airspeed reaching about 18 knots from the stall warning threshold before the nose was lowered. Perform"
data/observations2/contact/contact-34.json,contact-34-em09,3,130,150,feet,replaced,P levelled off at the landing pattern altitude reported in LAP within about 130 feet and held it around the pattern. The result is in line with the profic
data/observations2/contact/contact-34.json,contact-34-em09,1,280,300,feet,replaced,"titude reported in LAP inside the code 1 band, the deviation reaching about 280 feet before the level off was completed. Performance met the desired stand"
data/observations2/contact/contact-34.json,contact-34-tm01,3,130,150,feet,replaced,"und gate and arrested the sink promptly, holding the altitude loss to about 130 feet and the airspeed to about 8 knots of the target. The result is in lin"
data/observations2/contact/contact-34.json,contact-34-tm01,3,8,10,knots,replaced,"ptly, holding the altitude loss to about 130 feet and the airspeed to about 8 knots of the target. The result is in line with the proficiency expected at"
data/observations2/contact/contact-34.json,contact-34-tm01,1,280,300,feet,replaced,"o MAX at the go around gate inside the code 1 band, the sink reaching about 280 feet and the airspeed about 18 knots low before the climb was established."
data/observations2/contact/contact-34.json,contact-34-tm01,1,18,20,knots,replaced,"de the code 1 band, the sink reaching about 280 feet and the airspeed about 18 knots low before the climb was established. Performance met the desired sta"
data/observations2/contact/contact-34.json,contact-34-tm02,3,130,150,feet,replaced,"ive climb indication was confirmed, holding the altitude excursion to about 130 feet. The result is in line with the proficiency expected at this point of"
data/observations2/contact/contact-34.json,contact-34-tm02,1,280,300,feet,replaced," landing gear inside the code 1 band, the altitude excursion reaching about 280 feet before the positive climb indication was confirmed. Performance met t"
data/observations2/contact/contact-34.json,contact-34-tm03,3,130,150,feet,replaced,"red the sink tendency as it developed, holding the flight path within about 130 feet and the airspeed within about 8 knots. The result is in line with the"
data/observations2/contact/contact-34.json,contact-34-tm03,3,8,10,knots,replaced,holding the flight path within about 130 feet and the airspeed within about 8 knots. The result is in line with the proficiency expected at this point of
data/observations2/contact/contact-34.json,contact-34-tm03,1,280,300,feet,replaced,"sink as the flaps retracted inside the code 1 band, the sink reaching about 280 feet and the airspeed about 18 knots off target before back pressure arres"
data/observations2/contact/contact-34.json,contact-34-tm03,1,18,20,knots,replaced,"de the code 1 band, the sink reaching about 280 feet and the airspeed about 18 knots off target before back pressure arrested it. Performance met the desi"
data/observations2/contact/contact-34.json,contact-34-tm04,3,4,5,degrees,replaced," safe airspeed and altitude were attained, holding the heading within about 4 degrees of the intended track. The result is in line with the proficiency exp"
data/observations2/contact/contact-34.json,contact-34-tm04,1,9,10,degrees,replaced,"ay from the runway inside the code 1 band, the heading error reaching about 9 degrees when parallel flight was resumed. Performance met the desired standar"
data/observations2/contact/contact-34.json,contact-34-tm05,3,130,150,feet,replaced,"d off in the height band above the terrain, holding the height within about 130 feet and the airspeed within about 8 knots of the planned value. The resul"
data/observations2/contact/contact-34.json,contact-34-tm05,3,8,10,knots,replaced,"ain, holding the height within about 130 feet and the airspeed within about 8 knots of the planned value. The result is in line with the proficiency expe"
data/observations2/contact/contact-34.json,contact-34-tm05,1,280,300,feet,replaced," band and level off inside the code 1 band, the height error reaching about 280 feet and the airspeed about 18 knots outside the band before the profile w"
data/observations2/contact/contact-34.json,contact-34-tm05,1,18,20,knots,replaced,"ode 1 band, the height error reaching about 280 feet and the airspeed about 18 knots outside the band before the profile was corrected. Performance met th"
data/observations2/contact/contact-34.json,contact-34-tm06,3,130,150,feet,replaced,"fore the geometry deteriorated, holding the pattern parameters within about 130 feet. The result is in line with the proficiency expected at this point of"
data/observations2/contact/contact-34.json,contact-34-tm06,1,280,300,feet,replaced,"side the code 1 band, the deviation from the pattern profile reaching about 280 feet before the go around was started. Performance met the desired standar"
data/observations2/contact/contact-34.json,contact-34-tm07,3,130,150,feet,replaced,"track until the aircraft was flying again, holding the height loss to about 130 feet and the airspeed within about 8 knots of the target. The result is in"
data/observations2/contact/contact-34.json,contact-34-tm07,3,8,10,knots,replaced,"in, holding the height loss to about 130 feet and the airspeed within about 8 knots of the target. The result is in line with the proficiency expected at"
data/observations2/contact/contact-34.json,contact-34-tm07,1,280,300,feet,replaced,"he stall indications inside the code 1 band, the height loss reaching about 280 feet and the airspeed about 18 knots low before the recovery was completed"
data/observations2/contact/contact-34.json,contact-34-tm07,1,18,20,knots,replaced,"code 1 band, the height loss reaching about 280 feet and the airspeed about 18 knots low before the recovery was completed. Performance met the desired st"
data/observations2/contact/contact-34.json,contact-34-tm08,3,8,10,knots,replaced,"se it was unsafe to continue the landing, holding the airspeed within about 8 knots of the target. The result is in line with the proficiency expected at"
data/observations2/contact/contact-34.json,contact-34-tm08,1,18,20,knots,replaced,"m the balloon or bounce inside the code 1 band, the airspeed reaching about 18 knots below target and the aircraft in a high sink condition before the go "
data/observations2/contact/contact-34.json,contact-34-em10,3,120,150,feet,replaced,SP kept the altitude within about 120 ft and the airspeed within 8 kt of the targets on the go-around from the
data/observations2/contact/contact-34.json,contact-34-em10,3,8,10,knots,replaced,"SP kept the altitude within about 120 ft and the airspeed within 8 kt of the targets on the go-around from the final turn, due to the climb"
data/observations2/contact/contact-34.json,contact-34-em11,3,4,5,degrees,replaced,SP rolled out within about 4 degrees of the exit heading and 120 ft of the go-around altitude with the tra
data/observations2/contact/contact-34.json,contact-34-em11,3,120,150,feet,replaced,"SP rolled out within about 4 degrees of the exit heading and 120 ft of the go-around altitude with the traffic in sight, due to the bank "
data/observations2/contact/contact-34.json,contact-34-em12,3,8,10,knots,replaced," applied MAX power on the go-around call and kept the airspeed within about 8 kt and the altitude within 120 ft of the targets, due to the climb attit"
data/observations2/contact/contact-34.json,contact-34-em12,3,120,150,feet,replaced,"-around call and kept the airspeed within about 8 kt and the altitude within 120 ft of the targets, due to the climb attitude being set a fraction after "
data/observations2/contact/contact-34.json,contact-34-tm09,3,8,10,knots,replaced,"SP set the climb attitude with MAX power and kept the airspeed within about 8 kt of the target, due to the trim being reset a beat after the climb was"
data/observations2/contact/contact-34.json,contact-34-tm10,3,8,10,knots,replaced," MAX power and the nose lowered together and kept the airspeed within about 8 kt of the target, due to the climb attitude being set a fraction before "
data/observations2/contact/contact-35.json,contact-35-em01,3,130,150,feet,replaced,SP set the lead point in good time and completed the level off within about 130 feet of the assigned pattern altitude. The maneuver was flown to the stand
data/observations2/contact/contact-35.json,contact-35-em01,1,280,300,feet,replaced,"ff at pattern altitude inside the code 1 band, the deviation reaching about 280 feet before the aircraft was brought back down. Performance met the desire"
data/observations2/contact/contact-35.json,contact-35-em02,3,130,150,feet,replaced," and held it accurately, keeping the resulting level-off deviation to about 130 feet. The result is in line with the proficiency expected at this point of"
data/observations2/contact/contact-35.json,contact-35-em02,1,280,300,feet,replaced,"ed inside the code 1 band, the resulting level-off deviation reaching about 280 feet before the parameters were corrected. Performance met the desired sta"
data/observations2/contact/contact-35.json,contact-35-em03,3,130,150,feet,replaced,"ove the minimum entry airspeed, holding the resulting altitude within about 130 feet of pattern altitude. The result is in line with the proficiency expec"
data/observations2/contact/contact-35.json,contact-35-em03,1,280,300,feet,replaced,"nside the code 1 band, the resulting altitude on the roll out running about 280 feet off pattern altitude before it was corrected. Performance met the des"
data/observations2/contact/contact-35.json,contact-35-em04,3,130,150,feet,replaced,"t as required at the level off, holding the resulting altitude within about 130 feet of pattern altitude. The result is in line with the proficiency expec"
data/observations2/contact/contact-35.json,contact-35-em04,1,280,300,feet,replaced,"h the pattern inside the code 1 band, the resulting altitude reaching about 280 feet off pattern altitude before the correction took effect. Performance m"
data/observations2/contact/contact-35.json,contact-35-em05,3,130,150,feet,replaced," to the available power, holding the resulting level-off deviation to about 130 feet with no stall characteristics of any kind appearing. The result is in"
data/observations2/contact/contact-35.json,contact-35-em05,1,280,300,feet,replaced,"rn inside the code 1 band, the resulting level-off deviation reaching about 280 feet before airspeed and bank were corrected. Performance met the desired "
data/observations2/contact/contact-35.json,contact-35-em06,3,130,150,feet,replaced," Manual and the applicable LAP, holding the resulting altitude within about 130 feet of pattern altitude with the sequence of checks and calls completed i"
data/observations2/contact/contact-35.json,contact-35-em06,1,280,300,feet,replaced,"l and the LAP inside the code 1 band, the resulting altitude reaching about 280 feet off pattern altitude while one action was still out of sequence. Perf"
data/observations2/contact/contact-35.json,contact-35-tm01,3,130,150,feet,replaced," as the overhead break pattern, holding the resulting altitude within about 130 feet of pattern altitude. The result is in line with the proficiency expec"
data/observations2/contact/contact-35.json,contact-35-tm01,1,280,300,feet,replaced,"attern inside the code 1 band, rolling out with the altitude reaching about 280 feet off pattern altitude while the leg was being re-intercepted. Performa"
data/observations2/contact/contact-35.json,contact-35-tm02,3,130,150,feet,replaced,"aximum to affect the level off, holding the resulting altitude within about 130 feet of pattern altitude. The result is in line with the proficiency expec"
data/observations2/contact/contact-35.json,contact-35-tm02,1,280,300,feet,replaced,"elp arrest the climb inside the code 1 band, the level off completing about 280 feet above pattern altitude before the aircraft was brought back down. Per"
data/observations2/contact/contact-35.json,contact-35-tm03,3,130,150,feet,replaced,"imbing turn from that attitude, holding the resulting altitude within about 130 feet of pattern altitude. The result is in line with the proficiency expec"
data/observations2/contact/contact-35.json,contact-35-tm03,1,280,300,feet,replaced,"ble pull-up attitude inside the code 1 band, the level off completing about 280 feet above pattern altitude after the nose was brought back to the horizon"
data/observations2/contact/contact-35.json,contact-35-tm04,3,130,150,feet,replaced,"ercent torque at the level off, holding the resulting altitude within about 130 feet of pattern altitude. The result is in line with the proficiency expec"
data/observations2/contact/contact-35.json,contact-35-tm04,1,280,300,feet,replaced,"nd speed band inside the code 1 band, the resulting altitude reaching about 280 feet above pattern altitude before the reduction was completed. Performanc"
data/observations2/contact/contact-35.json,contact-35-tm05,3,130,150,feet,replaced,"ng before reporting high downwind, holding the resulting deviation to about 130 feet. The result is in line with the proficiency expected at this point of"
data/observations2/contact/contact-35.json,contact-35-tm05,1,280,300,feet,replaced,"ow Key at 1500 feet AGL inside the code 1 band, the altitude reaching about 280 feet above that value before power was reduced. Performance met the desire"
data/observations2/contact/contact-35.json,contact-35-tm06,3,130,150,feet,replaced,"the aircraft was below 147 KIAS, holding the resulting profile within about 130 feet of the intended figure toward Low Key. The result is in line with the"
data/observations2/contact/contact-35.json,contact-35-tm06,1,280,300,feet,replaced,"for the closed to Low Key inside the code 1 band, the profile running about 280 feet off the intended figure while the airspeed was still being brought un"
data/observations2/contact/contact-35.json,contact-35-em07,3,120,150,feet,replaced,"SP leveled off within about 120 ft of pattern altitude, due to the power reduction being made a fraction"
data/observations2/contact/contact-35.json,contact-35-em08,3,120,150,feet,replaced,"speed above the minimum for the closed pattern and leveled off within about 120 ft of pattern altitude, due to the bank being reduced a fraction later t"
data/observations2/contact/contact-35.json,contact-35-tm07,3,120,150,feet,replaced,"wind and the initial before the closed pull-up and leveled off within about 120 ft of pattern altitude, due to the pull being started a fraction before "
data/observations2/contact/contact-35.json,contact-35-tm08,3,120,150,feet,replaced,"SP arrived on downwind at the normal spacing within about 120 ft of pattern altitude with the crosswind, due to the roll-out point bei"
data/observations2/formation/formation-03.json,formation-03-tm02,3,100,150,feet,replaced,"SP held the rejoin profile within 100 feet on three of the four straight ahead rejoins, the fourth showing a sma"
data/observations2/formation/formation-03.json,formation-03-tm03,1,10,20,knots,replaced,"andard for this stage. SP is expected to call any airspeed difference past 10 knots before the wingman commits to the closure, without waiting to be aske"
data/observations2/formation/formation-06.json,formation-06-em02,3,7,10,knots,replaced,"SP held the briefed approach speed within about 7 knots on three of the four approaches, cross-checking the airspeed indicato"
data/observations2/formation/formation-06.json,formation-06-tm01,3,7,10,knots,replaced,"ove the 20 percent minimum and held the briefed approach speed within about 7 knots on three of the four approaches, the fourth showing torque touching t"
data/observations2/formation/formation-06.json,formation-06-tm02,3,3,5,degrees,replaced,"enetration turn before the turn was started, holding the track within about 3 degrees on three of the four penetrations, the fourth needing a small correct"
data/observations2/formation/formation-06.json,formation-06-tm03,3,3,5,degrees,replaced,"gman on the upwind side before final and held the runway track within about 3 degrees on three of the four approaches, the fourth needing a small correctio"
data/observations2/formation/formation-06.json,formation-06-tm04,3,100,150,feet,replaced,"approximately 75 percent torque and held the go-around profile within about 100 feet on three of the four go-arounds, the fourth needing a small correctio"
data/observations2/formation/formation-06.json,formation-06-tm05,3,7,10,knots,replaced," attitude slowly and smoothly, holding the briefed climb speed within about 7 knots on three of the four missed approaches, the fourth showing a rotation"
data/observations2/formation/formation-06.json,formation-06-tm07,3,100,150,feet,replaced,"titude and airspeed as required, holding the assigned altitude within about 100 feet on three of the four separations, the fourth attitude call following "
data/observations2/formation/formation-10.json,formation-10-em01,3,4,5,knots,replaced,"nal trim of power at the stabilization point, kept the route airspeed inside 4 knots of the briefed value for the whole rejoin. The maneuver was flown to "
data/observations2/formation/formation-10.json,formation-10-em04,3,4,5,knots,replaced,"ngle Off accurately for nearly the whole rejoin, keeping the overtake inside 4 knots as the angle off was adjusted. The standard for the Training Section "
data/observations2/formation/formation-10.json,formation-10-tm10,3,4,5,knots,replaced,"ted the initial overtake correctly, setting the airspeed differential inside 4 knots of the briefed band immediately after the rejoin signal. The standard"
data/observations2/formation/formation-10.json,formation-10-tm11,3,30,50,feet,replaced,"n in behind and slightly below No1, keeping the vertical displacement inside 30 feet of the planned offset for nearly the whole closure. Performance met t"
data/observations2/formation/formation-10.json,formation-10-tm12,3,4,5,knots,replaced, range came to approximately 500 feet with the closure at that moment inside 4 knots of the planned value. This is consistent with the expected proficienc
data/observations2/formation/formation-10.json,formation-10-tm13,3,4,5,knots,replaced, to four ship widths out from No1's wingtip with the residual closure inside 4 knots of the planned value. The maneuver was flown to the standard the Trai
data/observations2/formation/formation-10.json,formation-10-tm14,3,4,5,knots,replaced,ne of sight of No1 so the residual overtake at the route position was inside 4 knots. Performance remained inside the standard required for this stage of 
data/observations2/formation/formation-10.json,formation-10-tm15,3,4,5,knots,replaced,"sure rates were under control, stabilizing in route with the overtake inside 4 knots before starting any movement toward close. The result is in line with"
data/observations2/formation/formation-10.json,formation-10-tm16,3,4,5,knots,replaced, soon as the excess overtake was recognized with the residual closure inside 4 knots before the slide back began. The standard for the Training Section wa
data/observations2/formation/formation-10.json,formation-10-tm17,3,4,5,knots,replaced,hing airspeed was achieved with an airspeed difference at that moment inside 4 knots. Performance met the desired standard for this stage. SP is expected 
data/observations2/formation/formation-11.json,formation-11-em01,3,60,80,feet,replaced,"and drag as the overtake first appeared, held the distance behind No1 inside 60 feet through the crossing, controlling the closure before reaching 6 o'clo"
data/observations2/formation/formation-11.json,formation-11-em02,3,60,80,feet,replaced,"he descent below the leader's flight path, held the altitude from No1 inside 60 feet through the pass, remaining clearly lower than the leading aircraft t"
data/observations2/formation/formation-11.json,formation-11-em05,3,60,80,feet,replaced," the leader's turn in a timely manner, containing the distance behind inside 60 feet. Performance met the desired standard for this stage. SP is expected "
data/observations2/formation/formation-11.json,formation-11-em06,3,60,80,feet,replaced,"ag together to arrest the overtake, holding the vertical displacement inside 60 feet. This is consistent with the expected proficiency for the Training Se"
data/observations2/formation/formation-11.json,formation-11-em07,3,60,80,feet,replaced,vely smaller bank and power corrections with the distance behind held inside 60 feet. The maneuver was flown to the standard the Training Section requires
data/observations2/formation/formation-11.json,formation-11-em08,3,60,80,feet,replaced,"e decision to overshoot through the crossing, holding distance behind inside 60 feet. Performance remained inside the standard required for this stage of "
data/observations2/formation/formation-11.json,formation-11-tm01,3,60,80,feet,replaced,"tor while looking over the shoulder at Number 1, holding displacement inside 60 feet. The result is in line with the proficiency expected at this point of"
data/observations2/formation/formation-11.json,formation-11-tm02,3,60,80,feet,replaced,"re required for the vector and no more, holding spacing from Number 1 inside 60 feet. The standard for the Training Section was met. SP is expected to unl"
data/observations2/formation/formation-11.json,formation-11-tm03,3,60,80,feet,replaced,"nd flight path convergence, judging it controllable with displacement inside 60 feet. Performance met the desired standard for this stage. SP is expected "
data/observations2/formation/formation-11.json,formation-11-tm04,3,60,80,feet,replaced,"oute echelon position outside the turn, holding vertical displacement inside 60 feet. This is consistent with the expected proficiency for the Training Se"
data/observations2/formation/formation-11.json,formation-11-tm05,3,60,80,feet,replaced,"o achieving matching airspeed, holding the distance behind Number One inside 60 feet. The maneuver was flown to the standard the Training Section requires"
data/observations2/formation/formation-11.json,formation-11-tm06,3,60,80,feet,replaced,"e Number 1's turn circle as the energy required, holding displacement inside 60 feet. Performance remained inside the standard required for this stage of "
data/observations2/formation/formation-11.json,formation-11-tm07,3,60,80,feet,replaced," closure cues in time and executed a high yo-yo, holding displacement inside 60 feet with no last ditch maneuver required. The result is in line with the "
data/observations2/formation/formation-12.json,formation-12-em01,3,100,150,feet,replaced," the assigned altitude throughout the breakout, keeping deviations to about 100 feet while establishing separation of the flight path. The maneuver was fl"
data/observations2/formation/formation-12.json,formation-12-em02,3,7,10,knots,replaced," the assigned airspeed throughout the breakout, keeping deviations to about 7 knots while establishing separation. Performance remained inside the standa"
data/observations2/formation/formation-12.json,formation-12-em03,3,3,5,degrees,replaced,"d exit heading at the end of the breakout, holding the heading within about 3 degrees while maintaining separation. The result is in line with the proficie"
data/observations2/formation/formation-12.json,formation-12-tm01,3,3,5,degrees,replaced," from Number 1's last known position, holding the exit heading within about 3 degrees of the required vector. The result is in line with the proficiency ex"
data/observations2/formation/formation-12.json,formation-12-tm02,3,7,10,knots,replaced,"speed brake as required during the break, holding the airspeed within about 7 knots of the value needed for safe manoeuvring. The standard for the Traini"
data/observations2/formation/formation-12.json,formation-12-tm03,3,100,150,feet,replaced,angle to the separation actually required and holding altitude within about 100 feet and airspeed within about 7 knots. Performance met the desired standa
data/observations2/formation/formation-12.json,formation-12-tm03,3,7,10,knots,replaced,quired and holding altitude within about 100 feet and airspeed within about 7 knots. Performance met the desired standard for this stage. SP is expected 
data/observations2/formation/formation-12.json,formation-12-tm04,3,100,150,feet,replaced," was viewed through the top of the canopy, containing altitude within about 100 feet and heading within about 3 degrees. This is consistent with the expec"
data/observations2/formation/formation-12.json,formation-12-tm04,3,3,5,degrees,replaced," canopy, containing altitude within about 100 feet and heading within about 3 degrees. This is consistent with the expected proficiency for the Training Se"
data/observations2/formation/formation-12.json,formation-12-tm06,3,3,5,degrees,replaced,"lished and then held the geometry, containing the exit heading within about 3 degrees of the intended value. Performance remained inside the standard requi"
data/observations2/formation/formation-12.json,formation-12-tm07,3,100,150,feet,replaced,"akout, managing the overshoot within the rejoin with altitude held to about 100 feet. The result is in line with the proficiency expected at this point of"
data/observations2/formation/formation-12.json,formation-12-tm08,3,100,150,feet,replaced,"l contact or established altitude separation, holding spacing outside about 100 feet vertically. The standard for the Training Section was met. SP is expe"
data/observations2/formation/formation-16.json,formation-16-em01,3,100,150,feet,replaced,"-in, maintained the pitch out altitude with deviations contained near 100 feet, with the altimeter cross-check running against the bank for nearly t"
data/observations2/formation/formation-16.json,formation-16-em02,3,7,10,knots,replaced," the pre-determined pitch out airspeed with deviations contained near 7 knots, power reduced together with the roll-in. Performance remained inside"
data/observations2/formation/formation-16.json,formation-16-em03,3,3,5,degrees,replaced,"ch out on the required exit heading with the deviation contained near 3 degrees, the roll-out led so the wings came level as the downwind heading was"
data/observations2/formation/formation-17.json,formation-17-em01,3,15,10,feet,replaced,"hout climbs, descents and turns, with the working range settling near 15 ft of lateral separation. The maneuver was flown to the standard the Tra"
data/observations2/formation/formation-17.json,formation-17-em01,2,22,15,feet,replaced," started after the widening had already begun, let separation grow to about 22 ft during the descending turns before recognizing the change in the sigh"
data/observations2/formation/formation-17.json,formation-17-tm09,1,30,,feet,skip-ambiguous: at-1 number must BE C1 (spec 5.9) target=ambiguous(6/10/20),"iations reach the outer limits, about 6 ft high in the stack and near 30 ft of lateral spacing, before the picture stabilized. The maneuver was f"
data/observations2/formation/formation-17.json,formation-17-tm09,2,20,,feet,skip-ambiguous: readably between C3=10 and C1=20 (spec 5.9) target=ambiguous,"st turn, let the stack run about 6 ft low while the spacing opened to roughly 20 ft before recognizing that the corrections were interfering with each ot"
data/observations2/formation/formation-18.json,formation-18-em01,3,70,100,feet,replaced,"r's wingtip during a power change, maintained the Route position near 70 ft of the line abreast position for nearly the whole leg, correcting for"
data/observations2/formation/formation-18.json,formation-18-tm02,2,20,,feet,skip-ambiguous: adably between C3=100 and C1=200 (spec 5.9) target=ambiguous,", re-establishing the leader just above the canopy rail and returning inside 20 ft of level, without prompting. Performance met the desired standard for"
data/observations2/formation/formation-18.json,formation-18-tm03,3,3,,degrees,skip-ambiguous: at-3 number must BE C3 (spec 5.9) target=ambiguous(5/50),"ide without a cross under signal, with the forward limit staying near 3 degrees in front of the line abreast position. The maneuver was flown to the "
data/observations2/formation/formation-18.json,formation-18-tm05,3,60,,degrees,skip-ambiguous: at-3 number must BE C3 (spec 5.9) target=ambiguous(5/50)," the whole time the flight was in route, keeping bank well inside the approximately 60 degree maximum for the position. The result is in line with the proficiency "
data/observations2/formation/formation-18.json,formation-18-tm06,2,25,,degrees,skip-ambiguous:  readably between C3=5 and C1=15 (spec 5.9) target=ambiguous," one to two seconds too long at each reversal, let the angle decay to about 25 degrees toward the leader's six o'clock before recognizing the change in aspe"
data/observations2/formation/formation-18.json,formation-18-tm08,3,500,,feet,skip-ambiguous: at-3 number must BE C3 (spec 5.9) target=ambiguous(20/100),lling in only when established with slant range remaining outside the 500 ft manoeuvre limit. This is consistent with the expected proficiency for
data/observations2/formation/formation-18.json,formation-18-tm08,1,500,,feet,skip-ambiguous: at-1 number must BE C1 (spec 5.9) target=ambiguous(50/200)," due to a delay shorter than the 2 to 3 seconds required, reached the 500 ft slant range limit momentarily before the range was corrected. The sta"
data/observations2/formation/formation-18.json,formation-18-tm08,2,500,,feet,skip-ambiguous: adably between C3=100 and C1=200 (spec 5.9) target=ambiguous,"e was established, entered with a deviation that took the slant range close to 500 ft before recognizing the closure quickly, applying lag pursuit and re-e"
data/observations2/formation/formation-19.json,formation-19-em01,3,8,10,feet,replaced,"SP held lateral separation within about 8 ft of the 10 ft minimum throughout the turn, keeping the wingtip spacing"
data/observations2/formation/formation-19.json,formation-19-em01,1,45,50,feet,replaced,"SP held lateral separation to about 45 ft beyond the 10 ft minimum on each turn, working the wide edge of the a"
data/observations2/formation/formation-19.json,formation-19-em01,1,10,50,feet,replaced,"SP held lateral separation to about 45 ft beyond the 10 ft minimum on each turn, working the wide edge of the acceptable band ra"
data/observations2/formation/formation-19.json,formation-19-em01,2,10,30,feet,replaced,on every turn and closed lateral separation to about 30 ft beyond the 10 ft minimum before the leader rolled out. The correction was sized correc
data/observations2/formation/formation-19.json,formation-19-em02,3,3,4,feet,replaced,"SP held vertical separation within about 3 ft of the reference throughout the turn, staying close to the midpoint o"
data/observations2/formation/formation-19.json,formation-19-em02,1,9,10,feet,replaced,"SP held vertical separation to about 9 ft below the reference on each turn, staying at the upper edge of the ac"
data/observations2/formation/formation-19.json,formation-19-em03,3,3,4,feet,replaced,"SP held the fore-aft line within about 3 ft of the reference throughout the turn, staying between the leading edg"
data/observations2/formation/formation-19.json,formation-19-em04,3,3,,feet,skip-ambiguous: at-3 number must BE C3 (spec 5.9) target=ambiguous(4/10),"solid way throughout the echelon turn, with any excursion held inside about 3 ft of the reference at every bank angle flown. The small excursions that"
data/observations2/formation/formation-19.json,formation-19-em04,1,9,,feet,skip-ambiguous: at-1 number must BE C1 (spec 5.9) target=ambiguous(10/50),"ircraft in a smooth way overall, but the position still oscillated to about 9 ft from the reference on each swing before settling, at the outer edge o"
data/observations2/formation/formation-19.json,formation-19-em05,3,3,,feet,skip-ambiguous: at-3 number must BE C3 (spec 5.9) target=ambiguous(4/10),"SP arrested drift while the position was still inside about 3 ft of the reference, acting on the first visible change rather than an e"
data/observations2/formation/formation-19.json,formation-19-em05,1,9,,feet,skip-ambiguous: at-1 number must BE C1 (spec 5.9) target=ambiguous(10/50),"SP arrested each developing drift only once the position had reached about 9 ft from the reference, at the outer edge of the acceptable band, roughly"
data/observations2/formation/formation-19.json,formation-19-em06,3,3,,feet,skip-ambiguous: at-3 number must BE C3 (spec 5.9) target=ambiguous(4/10),"SP's cross-check held every reference inside about 3 ft of its mark, reading the wing midpoint, the leading edge and the stab"
data/observations2/formation/formation-19.json,formation-19-em06,1,9,,feet,skip-ambiguous: at-1 number must BE C1 (spec 5.9) target=ambiguous(10/50),"t the vertical and fore-aft references only after they had drifted to about 9 ft from their marks, at the outer edge of the acceptable band, because t"
data/observations2/formation/formation-19.json,formation-19-em07,3,16,,feet,skip-ambiguous: at-3 number must BE C3 (spec 5.9) target=ambiguous(4/10),"SP kept the spacing inside about 16 ft at every bank angle flown, comfortably clear of the 10 ft reference, "
data/observations2/formation/formation-19.json,formation-19-em07,1,11,,feet,skip-ambiguous: at-1 number must BE C1 (spec 5.9) target=ambiguous(10/50),"SP let the spacing narrow to about 11 ft on the roll-in to the steepest turn, at the outer edge of what the 10"
data/observations2/formation/formation-19.json,formation-19-em08,3,3,,feet,skip-ambiguous: at-3 number must BE C3 (spec 5.9) target=ambiguous(4/10),"SP held the aircraft within about 3 ft of the reference line in both the vertical and fore-aft axes, managin"
data/observations2/formation/formation-19.json,formation-19-tm01,1,9,,feet,skip-ambiguous: at-1 number must BE C1 (spec 5.9) target=ambiguous(10/50),"SP let the aircraft fall aft to about 9 ft behind the reference as the bank was established, at the outer limit "
data/observations2/formation/formation-19.json,formation-19-tm02,1,9,,feet,skip-ambiguous: at-1 number must BE C1 (spec 5.9) target=ambiguous(10/50),"SP finished the turn about 9 ft off Number 1's plane of motion, at the limit of the acceptable band, "
data/observations2/formation/formation-19.json,formation-19-tm03,1,9,,feet,skip-ambiguous: at-1 number must BE C1 (spec 5.9) target=ambiguous(10/50),"SP let a vertical displacement grow to about 9 ft, at the limit of the acceptable band, before switching from back pres"
data/observations2/formation/formation-19.json,formation-19-tm04,1,9,,feet,skip-ambiguous: at-1 number must BE C1 (spec 5.9) target=ambiguous(10/50),"SP held a position about 9 ft off the reference, at the limit of the acceptable band, because the v"
data/observations2/formation/formation-19.json,formation-19-tm05,1,9,,feet,skip-ambiguous: er must BE C1 (spec 5.9) [plus side] target=ambiguous(10/50),"SP climbed to about 9 ft above the reference during the rollout, at the limit of the acceptabl"
data/observations2/formation/formation-19.json,formation-19-tm06,1,9,,feet,skip-ambiguous: at-1 number must BE C1 (spec 5.9) target=ambiguous(10/50),"SP reached about 9 ft out of Number 1's plane of motion, at the limit of the acceptable ban"
data/observations2/formation/formation-20.json,formation-20-em01,3,90,150,feet,replaced,"SP held the deviation inside about 90 feet through the whole cross under, coordinating pitch and power as the ai"
data/observations2/formation/formation-20.json,formation-20-em01,1,280,300,feet,replaced,"SP let altitude sink to about 280 feet below the formation altitude at the aft point of the crossing, at the"
data/observations2/formation/formation-20.json,formation-20-em02,3,7,10,knots,replaced,"SP controlled airspeed inside about 7 knots of the formation airspeed for the whole cross under, reducing power b"
data/observations2/formation/formation-20.json,formation-20-em02,1,18,20,knots,replaced,SP let airspeed decay to about 18 knots below the formation airspeed before the power correction was applied.
data/observations2/formation/formation-20.json,formation-20-em03,3,3,5,degrees,replaced,"SP completed the crossing within about 3 degrees of the leader's heading, with the bank used for the lateral displacem"
data/observations2/formation/formation-20.json,formation-20-em03,1,9,10,degrees,replaced,"SP finished the crossing about 9 degrees off the formation heading, at the outer edge of the acceptable band, "
data/observations2/formation/formation-20.json,formation-20-tm02,3,7,10,knots,replaced,SP kept airspeed within about 7 knots of the formation airspeed with spacing to about half an aircraft leng
data/observations2/formation/formation-20.json,formation-20-tm02,1,18,20,knots,replaced,SP let airspeed reach about 18 knots below the formation airspeed with spacing close to a full aircraft le
data/observations2/formation/formation-20.json,formation-20-tm03,3,7,10,knots,replaced,"tail separation at about half an aircraft length with airspeed within about 7 knots of the formation airspeed, anticipating each power change during the "
data/observations2/formation/formation-20.json,formation-20-tm03,1,18,20,knots,replaced,t the spacing open to about a full aircraft length and airspeed reach about 18 knots below the formation airspeed before power was added and the trend was
data/observations2/formation/formation-20.json,formation-20-tm04,3,3,5,degrees,replaced,"hanging heading by only a few degrees, and kept the divergence within about 3 degrees while the lateral travel remained controlled and predictable. The sma"
data/observations2/formation/formation-20.json,formation-20-tm04,1,9,10,degrees,replaced,SP generated a heading divergence of about 9 degrees before the lateral travel was stopped after an opposite correction of
data/observations2/formation/formation-20.json,formation-20-tm06,3,90,150,feet,replaced,"duced power in time to stabilize there, containing the arrival inside about 90 feet of the formation altitude with separation from No1 well above 10 feet"
data/observations2/formation/formation-20.json,formation-20-tm06,3,10,150,feet,replaced,90 feet of the formation altitude with separation from No1 well above 10 feet. The small overshoot that did appear followed a power reduction that 
data/observations2/formation/formation-20.json,formation-20-tm06,1,280,300,feet,replaced,"SP went through the position with a climb reaching about 280 feet above the formation altitude and closure toward No1, before the movem"
data/observations2/formation/formation-21.json,formation-21-em01,3,90,150,feet,replaced,"SP kept altitude excursions inside about 90 feet throughout the lead change, applying small pitch inputs as soon as th"
data/observations2/formation/formation-21.json,formation-21-em01,1,280,300,feet,replaced,"SP let altitude climb to about 280 feet away from the briefed value before the excursion was arrested, at the"
data/observations2/formation/formation-21.json,formation-21-em02,3,7,10,knots,replaced,"SP kept airspeed deviation inside about 7 knots of the briefed value throughout the lead change, setting power in sma"
data/observations2/formation/formation-21.json,formation-21-em02,1,18,20,knots,replaced,"SP let airspeed diverge to about 18 knots from the briefed value while taking the lead, at the outer edge of th"
data/observations2/formation/formation-21.json,formation-21-em03,3,3,5,degrees,replaced,"SP established the formation on the briefed exit heading within about 3 degrees on completion of the lead change, with the roll-out coordinated and t"
data/observations2/formation/formation-21.json,formation-21-em03,1,9,10,degrees,replaced,"SP let the heading drift about 9 degrees away from the briefed exit heading, at the outer edge of the acceptab"
data/observations2/formation/formation-21.json,formation-21-em04,3,7,10,knots,replaced,"isual signal for the lead change immediately, keeping airspeed within about 7 knots of the briefed value as the change was executed in the correct sense "
data/observations2/formation/formation-21.json,formation-21-em04,1,18,20,knots,replaced,SP let airspeed reach about 18 knots from the briefed value during the delay before the actual signal was 
data/observations2/formation/formation-21.json,formation-21-em05,3,7,10,knots,replaced,"ertainty as soon as the command was received, holding airspeed within about 7 knots and heading within about 3 degrees of the briefed values from the mom"
data/observations2/formation/formation-21.json,formation-21-em05,3,3,5,degrees,replaced,"as received, holding airspeed within about 7 knots and heading within about 3 degrees of the briefed values from the moment of the transfer. The small devi"
data/observations2/formation/formation-21.json,formation-21-em05,1,9,10,degrees,replaced,SP let heading reach about 9 degrees and airspeed about 18 knots from the briefed values before the lead r
data/observations2/formation/formation-21.json,formation-21-em05,1,18,20,knots,replaced,SP let heading reach about 9 degrees and airspeed about 18 knots from the briefed values before the lead responsibilities were fully t
data/observations2/formation/formation-21.json,formation-21-em06,3,7,10,knots,replaced,"ment before starting the forward movement and keeping airspeed within about 7 knots of the briefed value throughout, with the other aircraft in sight and"
data/observations2/formation/formation-21.json,formation-21-em06,1,18,20,knots,replaced,SP let airspeed reach about 18 knots from the briefed value while the geometry was opened out after the cl
data/observations2/formation/formation-21.json,formation-21-em07,3,90,150,feet,replaced,"d with the ATC clearance for the lead change, keeping altitude within about 90 feet of the assigned value while the applicable conditions were checked be"
data/observations2/formation/formation-21.json,formation-21-em07,1,280,300,feet,replaced,SP let altitude reach about 280 feet from the assigned value during the interruption before the maneuver w
data/observations2/formation/formation-21.json,formation-21-em08,3,7,10,knots,replaced,"echniques and Procedures Manual and the SOPs, keeping airspeed within about 7 knots of the briefed value as the signal, the acknowledgement and the excha"
data/observations2/formation/formation-21.json,formation-21-em08,1,18,20,knots,replaced,SP let airspeed reach about 18 knots from the briefed value while catching up with the sequence at the bri
data/observations2/formation/formation-21.json,formation-21-tm01,3,7,10,knots,skip-between,the line abreast route position with airspeed and heading kept within about 7 knots and 3 degrees of the briefed values. The small deviation that did app
data/observations2/formation/formation-21.json,formation-21-tm01,1,18,20,knots,replaced,SP let airspeed reach about 18 knots from the briefed value during the late overtake to the 3/9 line befor
data/observations2/formation/formation-21.json,formation-21-tm02,3,3,5,degrees,replaced,"lead change with visual signals expeditiously, keeping heading within about 3 degrees of the briefed value as the signal, the head nod and the movement int"
data/observations2/formation/formation-21.json,formation-21-tm02,1,9,10,degrees,replaced,SP let heading drift to about 9 degrees from the briefed value during the extended visual sequence before the
data/observations2/formation/formation-21.json,formation-21-tm03,3,3,5,degrees,replaced,duties of the previous position until then and holding heading within about 3 degrees of the briefed value throughout the exchange. The small deviation tha
data/observations2/formation/formation-21.json,formation-21-tm03,1,9,10,degrees,replaced,SP let heading drift to about 9 degrees from the briefed value during the period of doubt before the IP's pro
data/observations2/formation/formation-21.json,formation-21-tm04,3,7,10,knots,replaced," as directed, keeping altitude and airspeed within about 150 feet and 7 knots of the briefed values. The small deviation that did appear followed a"
data/observations2/formation/formation-21.json,formation-21-tm04,1,18,20,knots,replaced,SP let airspeed reach about 18 knots from the briefed value while the formation was opened to the required
data/observations2/formation/formation-21.json,formation-21-tm05,3,7,10,knots,replaced," moving to the proper position, holding the formation airspeed within about 7 knots throughout the repositioning. The small variation that did appear fol"
data/observations2/formation/formation-21.json,formation-21-tm05,1,18,20,knots,replaced,"SP let the formation airspeed reach about 18 knots from the briefed value while the wingman was still moving, before the"
data/observations2/formation/formation-21.json,formation-21-tm06,3,3,5,degrees,replaced,"ute the lead change, as the technique directs, keeping heading within about 3 degrees of the briefed value with the transfer passed and acknowledged on the"
data/observations2/formation/formation-21.json,formation-21-tm06,1,9,10,degrees,replaced,"SP let heading reach about 9 degrees from the briefed value during the period without a defined leader, at"
data/observations2/formation/formation-21.json,formation-21-tm07,3,3,5,degrees,replaced,"ing inspected, keeping altitude and heading within about 150 feet and 3 degrees. The small deviation that did appear followed a scan that briefly fav"
data/observations2/formation/formation-21.json,formation-21-tm07,1,9,10,degrees,replaced,SP let heading reach about 9 degrees from the briefed value while concentration stayed on the inspecting a
data/observations2/formation/formation-21.json,formation-21-tm08,3,7,10,knots,replaced,"nger required to maintain formation position, keeping airspeed within about 7 knots and spacing no closer than route while the emergency was handled. The"
data/observations2/formation/formation-21.json,formation-21-tm08,1,18,20,knots,replaced,SP let airspeed reach about 18 knots from the briefed value during the delay before the correct arrangemen
data/observations2/formation/formation-22.json,formation-22-em01,3,3,5,feet,replaced,SP kept vertical separation inside about 3 feet under the leader's exhaust throughout the turns and precision maneuve
data/observations2/formation/formation-22.json,formation-22-tm01,3,3,5,feet,replaced," wing for the whole close trail sequence, holding the aircraft within about 3 feet under the exhaust line and never entering the wake turbulence or prop"
data/observations2/formation/formation-22.json,formation-22-tm04,3,4,5,feet,replaced,"d brake and the UHF/VHF antenna, so vertical separation stayed within about 4 feet under the exhaust line and the aircraft remained in the cone througho"
data/observations2/formation/formation-24.json,formation-24-em01,3,400,500,feet,replaced,"SP maintained the tactical formation altitude within about 400 ft high throughout the sortie, correcting the climb tendency in the outs"
data/observations2/formation/formation-24.json,formation-24-em01,1,900,1000,feet,replaced,"SP let altitude climb to about 900 ft high, near the +1000 ft limit, before the exit of a tactical turn was"
data/observations2/formation/formation-24.json,formation-24-em02,3,10,15,knots,replaced,"SP established and maintained entry and exit airspeed within about 10 kt on every tactical maneuver, adjusting power before the airspeed trend"
data/observations2/formation/formation-24.json,formation-24-em02,1,28,30,knots,replaced,SP let airspeed deviate to about 28 kt from the briefed entry or exit value before the excursion was correct
data/observations2/formation/formation-24.json,formation-24-em03,3,7,10,degrees,replaced,"SP rolled out within about 7 degrees of the briefed recovery heading on every tactical maneuver, leading t"
data/observations2/formation/formation-24.json,formation-24-em03,1,28,30,degrees,replaced,SP let the recovery heading error reach about 28 degrees before the value was corrected on the IP's statement of it. The error
data/observations2/formation/formation-24.json,formation-24-em04,3,0.3,0.5,G,replaced,"SP flew the tactical maneuvers with continuous G held within about 0.3 G of the briefed value, applying a smooth onset and holding the value t"
data/observations2/formation/formation-24.json,formation-24-em05,3,7,10,degrees,replaced,"SP maintained the line abreast bearing within about 7 degrees through all tactical maneuvers, applying small corrections as soon as"
data/observations2/formation/formation-24.json,formation-24-em06,3,350,500,feet,replaced,"SP maintained lateral separation within about 350 ft of the briefed value throughout the exercise, adjusting turn geometry"
data/observations2/formation/formation-24.json,formation-24-em06,1,900,1000,feet,replaced,SP let lateral separation reach about 900 ft from the briefed value before it was rebuilt on the IP's called spaci
data/observations2/formation/formation-24.json,formation-24-em07,3,350,500,feet,replaced,"or before each turn and reversal, with lateral separation held within about 350 ft while clearing continued alongside position keeping. The small gap th"
data/observations2/formation/formation-24.json,formation-24-em07,1,900,1000,feet,replaced,SP let lateral separation drift toward about 900 ft while the outside sector went unswept before required reminders from 
data/observations2/formation/formation-24.json,formation-24-em08,3,350,,feet,skip-ambiguous: at-3 number must BE C3 (spec 5.9) target=ambiguous(300/500),"d trades at the right point in each maneuver, holding position within about 350 ft with corrections applied promptly and in the correct sense. The small"
data/observations2/formation/formation-24.json,formation-24-em08,1,900,,feet,skip-ambiguous: at-1 number must BE C1 (spec 5.9) target=ambiguous(500/1000),"SP let each correction arrive after the deviation had reached about 900 ft, the outer edge of the band, before the technique improved on IP dire"
data/observations2/formation/formation-24b.json,formation-24b-em01,3,7,10,degrees,replaced," the delay 90 turn and rolled out on the new formation heading within about 7 degrees of the briefed value, judging the lead point correctly with a positiv"
data/observations2/formation/formation-24b.json,formation-24b-em01,1,28,30,degrees,replaced,"SP let recovery heading settle about 28 degrees from the briefed value, at the limit of the standard, before it was b"
data/observations2/formation/formation-24b.json,formation-24b-em02,3,7,10,degrees,replaced,"rn in tactical formation position, with line abreast deviation within about 7 degrees of the wing line and the correction technique applied immediately at "
data/observations2/formation/formation-24b.json,formation-24b-em02,1,28,30,degrees,replaced,"SP let line abreast deviation stabilize around 28 degrees forward of the wing line, at the limit of the standard, before it was"
data/observations2/formation/formation-24b.json,formation-24b-em03,3,350,500,feet,replaced,"SP maintained lateral separation within about 350 ft of the briefed value throughout the delay 90 turn, selecting bank ang"
data/observations2/formation/formation-24b.json,formation-24b-em03,1,900,1000,feet,replaced,"SP let lateral separation reach about 900 ft less than briefed, at the limit of the standard, before it was opened"
data/observations2/formation/formation-24b.json,formation-24b-em04,3,7,10,degrees,replaced,"nts of the delay 45 turn and rolled out on the briefed heading within about 7 degrees, timing the delay to the correct point for a 45 degree change with a "
data/observations2/formation/formation-24b.json,formation-24b-em04,1,28,30,degrees,replaced,"SP let recovery heading stabilize about 28 degrees off the briefed value, at the limit of the standard, before it was co"
data/observations2/formation/formation-24b.json,formation-24b-em05,3,7,10,degrees,replaced,"ng change correctly and rolled out with line abreast deviation within about 7 degrees of the wing line, restoring tactical formation position without a sep"
data/observations2/formation/formation-24b.json,formation-24b-em05,1,28,30,degrees,replaced,"SP let line abreast deviation stay near 28 degrees, at the limit of the standard, before it was reduced on the IP's repe"
data/observations2/formation/formation-24b.json,formation-24b-em06,3,10,15,knots,replaced,"SP controlled entry and exit airspeed in the delay 45 turn within about 10 kt of the briefed value, matching power to the bank angle at roll-in and"
data/observations2/formation/formation-24b.json,formation-24b-em06,1,28,30,knots,replaced,"SP let airspeed reach about 28 kt below the briefed value, at the limit of the standard, before power w"
data/observations2/formation/formation-24b.json,formation-24b-em07,3,7,10,degrees,replaced," with the other aircraft and rolled out on the briefed heading within about 7 degrees, flying roll-in, bank angle and roll-out as described in the Techniqu"
data/observations2/formation/formation-24b.json,formation-24b-em07,1,28,30,degrees,replaced,"SP let recovery heading settle about 28 degrees from the briefed value, at the limit of the standard, before it was c"
data/observations2/formation/formation-24b.json,formation-24b-em08,3,350,500,feet,replaced,"SP maintained lateral separation within about 350 ft of the briefed value throughout the in place turn, cross-checking the"
data/observations2/formation/formation-24b.json,formation-24b-em08,1,900,1000,feet,replaced,"SP let lateral separation reach about 900 ft away from the briefed value, at the limit of the standard, before it "
data/observations2/formation/formation-24b.json,formation-24b-em09,3,150,300,feet,replaced,"SP held altitude within about 150 ft below the briefed value throughout the in place turn, coordinating pi"
data/observations2/formation/formation-24b.json,formation-24b-em09,1,900,1000,feet,replaced,"SP let altitude climb to about 900 ft above the briefed value, near the limit of the standard, before it wa"
data/observations2/formation/formation-24b.json,formation-24b-em10,3,350,,feet,skip-ambiguous: at-3 number must BE C3 (spec 5.9) target=ambiguous(300/500),"SP flew the cross turn on the assigned altitude within about 350 ft of the briefed value, confirming deconfliction before starting the tu"
data/observations2/formation/formation-24b.json,formation-24b-em10,1,450,500,feet,replaced,"SP let altitude reach about 450 ft below the assigned value at the pass, at the limit of the standard, b"
data/observations2/formation/formation-24b.json,formation-24b-em11,3,7,10,degrees,replaced,"ut in tactical formation position, with line abreast deviation within about 7 degrees of the wing line and lateral separation within about 350 ft of the br"
data/observations2/formation/formation-24b.json,formation-24b-em11,3,350,500,feet,replaced,within about 7 degrees of the wing line and lateral separation within about 350 ft of the briefed value. The small deviation that did appear followed a 
data/observations2/formation/formation-24b.json,formation-24b-em11,1,28,30,degrees,replaced,"SP let line abreast deviation remain near 28 degrees and lateral separation near 900 ft from the briefed value, at the lim"
data/observations2/formation/formation-24b.json,formation-24b-em11,1,900,1000,feet,replaced," abreast deviation remain near 28 degrees and lateral separation near 900 ft from the briefed value, at the limit of the standard, before both wer"
data/observations2/formation/formation-24b.json,formation-24b-em12,3,0.3,0.5,G,replaced,SP flew the check turn with sustained G within about 0.3 G of the briefed loading and airspeed within about 10 kt of the briefed
data/observations2/formation/formation-24b.json,formation-24b-em12,3,10,15,knots,replaced,"ained G within about 0.3 G of the briefed loading and airspeed within about 10 kt of the briefed value, with the pull steady and power matched to the l"
data/observations2/formation/formation-24b.json,formation-24b-em12,1,0.9,1,G,replaced,SP let sustained G vary by about 0.9 G from the briefed loading with airspeed decaying toward 28 kt below th
data/observations2/formation/formation-24b.json,formation-24b-em12,1,28,30,knots,replaced,"by about 0.9 G from the briefed loading with airspeed decaying toward 28 kt below the briefed value, at the limit of the standard, before power w"
data/observations2/formation/formation-24b.json,formation-24b-em13,3,350,500,feet,replaced,"ed sector and the other aircraft, with lateral separation held within about 350 ft and sector coverage reported clearly. The small gap that did appear f"
data/observations2/formation/formation-24b.json,formation-24b-em13,1,900,1000,feet,replaced,SP let lateral separation drift toward about 900 ft while coverage depended on the IP's prompt before each turn. The sect
data/observations2/formation/formation-24b.json,formation-24b-em14,3,10,15,knots,replaced,"aft energy to maintain the tactical position, keeping airspeed within about 10 kt of the briefed value throughout the turn set, with corrections made p"
data/observations2/formation/formation-24b.json,formation-24b-em14,1,28,30,knots,replaced,SP let airspeed reach about 28 kt away from the briefed value with the aircraft repeatedly at high powe
data/observations2/formation/formation-24b.json,formation-24b-em16,3,150,,feet,skip-ambiguous: at-3 number must BE C3 (spec 5.9) target=ambiguous(300/500),irection of turn before each maneuver and keeping the aircraft within about 150 ft of the briefed minimum maneuvering altitude over the terrain. The sma
data/observations2/formation/formation-24b.json,formation-24b-em16,1,450,500,feet,replaced,"SP let the aircraft reach about 450 ft below the briefed minimum maneuvering altitude, at the limit of the s"
data/observations2/formation/formation-24b.json,formation-24b-em17,3,7,10,degrees,replaced,hnique for each residual error so the resulting positions were within about 7 degrees of the wing line. The small deviation that did appear followed a corr
data/observations2/formation/formation-29.json,formation-29-em01,3,90,150,feet,replaced,"SP maintained altitude within about 90 ft during climb, level off, cruise and turns, applying pitch and power c"
data/observations2/formation/formation-29.json,formation-29-em01,1,280,300,feet,replaced,SP let altitude reach about 280 ft from the assigned value before the return was made on the IP's verbal
data/observations2/formation/formation-29.json,formation-29-em02,3,7,10,knots,replaced,"SP maintained airspeed within about 7 kt in all phases of flight, using small anticipatory power changes at le"
data/observations2/formation/formation-29.json,formation-29-em02,1,18,20,knots,replaced,SP let airspeed reach about 18 kt from the briefed value before the correction was made on the IP's cal
data/observations2/formation/formation-29.json,formation-29-em03,3,3,5,degrees,replaced,"SP rolled out of turns within about 3 degrees of the briefed exit heading, leading the roll out in proportion to th"
data/observations2/formation/formation-29.json,formation-29-em03,1,9,10,degrees,replaced,SP let the exit heading error reach about 9 degrees before the correction was made on a verbal reminder. The error reache
data/observations2/formation/formation-29.json,formation-29-em04,3,90,150,feet,replaced,"ions were made with small and precise inputs, holding altitude within about 90 ft. The small excursion that did appear followed a trim input that was f"
data/observations2/formation/formation-29.json,formation-29-em04,1,280,300,feet,skip-between,SP let altitude and airspeed drift to about 280 ft and 18 kt from the assigned values before trim was finally applied on
data/observations2/formation/formation-29.json,formation-29-em04,1,18,20,knots,replaced,SP let altitude and airspeed drift to about 280 ft and 18 kt from the assigned values before trim was finally applied on the IP's 
data/observations2/formation/formation-29.json,formation-29-tm01,3,7,10,knots,replaced,"to stop the aircraft and one to stabilize it, keeping airspeed within about 7 kt of the briefed value with corrections continuous, small and controlle"
data/observations2/formation/formation-29.json,formation-29-tm01,1,18,20,knots,replaced,SP let airspeed excursions reach about 18 kt around the briefed value while sliding fore and aft of the reference 
data/observations2/formation/formation-29.json,formation-29-tm02,3,90,150,feet,replaced,"e and aft position, then the lateral spacing, holding altitude within about 90 ft with each deviation recognized early and removed before the next was "
data/observations2/formation/formation-29.json,formation-29-tm02,1,280,300,feet,replaced, three references stay in error simultaneously with altitude reaching about 280 ft before the prescribed sequence was restored on the IP's direction. Po
data/observations2/formation/formation-29.json,formation-29-tm03,3,90,150,feet,replaced,"s in bank angle rather than in back pressure, holding altitude within about 90 ft through the echelon turns with G remaining steady enough for the Wing"
data/observations2/formation/formation-29.json,formation-29-tm03,1,280,300,feet,replaced,"SP as Leader let a turn drift toward about 280 ft off the assigned altitude while the Wingman worked to stay in plane, "
data/observations2/formation/formation-29.json,formation-29-tm04,3,90,150,feet,replaced,"fore and aft and back pressure for spacing, with altitude held within about 90 ft. The small excursion that did appear followed a roll input that was a"
data/observations2/formation/formation-29.json,formation-29-tm05,3,90,150,feet,replaced," a roll out and rolling back into the bank, with altitude held within about 90 ft and the Wingman holding position with small, smooth inputs. The small"
data/observations2/formation/formation-29.json,formation-29-tm06,3,90,150,feet,replaced,"Leader or at any single reference as Wingman, holding altitude within about 90 ft with the flight path visually cleared before every turn into the Wing"
data/observations2/formation/formation-30.json,formation-30-em01,3,90,150,feet,replaced,"stablished the break altitude at the briefed point and held it within about 90 ft throughout the maneuver, with pitch set together with the power reduc"
data/observations2/formation/formation-30.json,formation-30-em01,1,280,300,feet,replaced,"SP let the break altitude reach about 280 ft high, at the outer edge of the acceptable band, before the return to "
data/observations2/formation/formation-30.json,formation-30-em02,3,5,10,degrees,replaced,"he break and stopped the bank on the briefed value, holding it within about 5 degrees for the whole turn, with the angle cross-checked against the attitude"
data/observations2/formation/formation-30.json,formation-30-em02,1,14,15,degrees,replaced,"SP let break bank reach about 14 degrees of error, at the outer edge of the tolerance, before the briefed angl"
data/observations2/formation/formation-30.json,formation-30-em03,3,90,150,feet,replaced,"SP held the briefed downwind altitude within about 90 ft from the roll-out out of the break to the base turn, with power and t"
data/observations2/formation/formation-30.json,formation-30-em03,1,280,300,feet,replaced,SP let the aircraft descend to about 280 ft below the briefed downwind altitude before pattern altitude was recov
data/observations2/formation/formation-30.json,formation-30-em04,3,7,10,knots,replaced,"SP established the briefed downwind airspeed and held it within about 7 kt above the briefed value with no excursion below it, with power set ea"
data/observations2/formation/formation-30.json,formation-30-em04,1,18,20,knots,replaced,"SP let downwind airspeed run about 18 kt above the briefed figure, at the outer edge of the published toleranc"
data/observations2/formation/formation-30.json,formation-30-em05,3,7,10,knots,replaced,SP held base leg airspeed within about 7 kt above the briefed value throughout the turn with no excursion below i
data/observations2/formation/formation-30.json,formation-30-em05,1,18,20,knots,replaced,"SP let base leg airspeed run about 18 kt above the briefed value, at the outer edge of the published tolerance"
data/observations2/formation/formation-30.json,formation-30-em06,3,40,50,feet,replaced,"SP flew the final approach on profile, within about 40 ft low of the required altitude for the phase, with the aimpoint held st"
data/observations2/formation/formation-30.json,formation-30-em06,1,95,100,feet,replaced,"SP let the final approach profile reach about 95 ft low, at the limit of the tighter minus tolerance, before power was ad"
data/observations2/formation/formation-30.json,formation-30-em06,2,100,80,feet,replaced,"SP let the final approach go about 80 ft low, inside the 100 ft low limit, before the shifting aimpoint was recognized and corrected "
data/observations2/formation/formation-30.json,formation-30-em07,3,7,10,knots,replaced,"SP flew the final approach within about 7 kt above the briefed airspeed with no decay below the briefed value, wit"
data/observations2/formation/formation-30.json,formation-30-em07,1,13,15,knots,replaced,"SP let final approach airspeed run about 13 kt above the briefed value, at the outer edge of the published tolerance"
data/observations2/formation/formation-30.json,formation-30-tm01,3,90,,feet,skip-ambiguous: -3 number must BE C3 (spec 5.9) target=ambiguous(50/100/150),"speed brake for rate control, so pattern altitude was captured within about 90 ft at the entry point with engine response available for the level off a"
data/observations2/formation/formation-30.json,formation-30-tm01,1,280,,feet,skip-ambiguous: must BE C1 (spec 5.9) [minus side] target=ambiguous(100/300),"SP let the descent settle about 280 ft below pattern altitude, at the outer edge of the tolerance, before po"
data/observations2/formation/formation-30.json,formation-30-tm02,3,90,,feet,skip-ambiguous: -3 number must BE C3 (spec 5.9) target=ambiguous(50/100/150),"n smoothly with bank within about 5 degrees and break altitude within about 90 ft, with the deceleration to gear and flap speed occurring in the turn a"
data/observations2/formation/formation-30.json,formation-30-tm02,3,5,10,degrees,replaced,"nly then reduced it, so the break was flown smoothly with bank within about 5 degrees and break altitude within about 90 ft, with the deceleration to gear "
data/observations2/formation/formation-30.json,formation-30-tm02,1,14,15,degrees,replaced,"SP let break bank reach about 14 degrees of error while trying to recover the ground track, at the outer edge "
data/observations2/formation/formation-30.json,formation-30-tm03,3,90,,feet,skip-ambiguous: -3 number must BE C3 (spec 5.9) target=ambiguous(50/100/150),"efed, holding bank within about 5 degrees and pattern altitude within about 90 ft, with the wingman remaining on the outside of each turn with a workab"
data/observations2/formation/formation-30.json,formation-30-tm03,3,5,10,degrees,replaced,"y point away from Number 2 in echelon as briefed, holding bank within about 5 degrees and pattern altitude within about 90 ft, with the wingman remaining o"
data/observations2/formation/formation-30.json,formation-30-tm03,1,280,,feet,skip-ambiguous: 1 number must BE C1 (spec 5.9) target=ambiguous(100/200/300),"SP let bank reach about 14 degrees and pattern altitude about 280 ft off the briefed values while the geometry was recovered, at the outer"
data/observations2/formation/formation-30.json,formation-30-tm03,1,14,15,degrees,replaced,SP let bank reach about 14 degrees and pattern altitude about 280 ft off the briefed values while the ge
data/observations2/formation/formation-30.json,formation-30-tm04,3,90,,feet,skip-ambiguous: -3 number must BE C3 (spec 5.9) target=ambiguous(50/100/150)," was flown with bank within about 5 degrees and break altitude within about 90 ft, with the wingman stable in position before the break point was reach"
data/observations2/formation/formation-30.json,formation-30-tm04,3,5,10,degrees,replaced,"ell before North/South Point, so the break was flown with bank within about 5 degrees and break altitude within about 90 ft, with the wingman stable in pos"
data/observations2/formation/formation-30.json,formation-30-tm04,1,280,,feet,skip-ambiguous: 1 number must BE C1 (spec 5.9) target=ambiguous(100/200/300),"SP let bank reach about 14 degrees and break altitude about 280 ft off the briefed values while the geometry was sorted out, at the oute"
data/observations2/formation/formation-30.json,formation-30-tm04,1,14,15,degrees,replaced,SP let bank reach about 14 degrees and break altitude about 280 ft off the briefed values while the geom
data/observations2/formation/formation-30.json,formation-30-tm05,3,7,10,knots,replaced,"n downwind with the briefed spacing, holding downwind airspeed within about 7 kt above the briefed value. The small excess that did appear followed a "
data/observations2/formation/formation-30.json,formation-30-tm05,1,18,,knots,skip-ambiguous: er must BE C1 (spec 5.9) [plus side] target=ambiguous(15/20),"SP, flying as Number 2, let downwind airspeed run about 18 kt above the briefed value while trying to preserve the interval, at the"
data/observations2/formation/formation-30.json,formation-30-tm06,3,90,,feet,skip-ambiguous: -3 number must BE C3 (spec 5.9) target=ambiguous(50/100/150),"h point as a normal contact pattern, holding downwind altitude within about 90 ft. The small variation that did appear followed an offset that was frac"
data/observations2/formation/formation-30.json,formation-30-tm06,1,280,,feet,skip-ambiguous: 1 number must BE C1 (spec 5.9) target=ambiguous(100/200/300),"SP, flying as Number 2, let the downwind altitude vary by about 280 ft from the briefed value while the perch point drifted inside Number 1'"
data/observations2/formation/formation-30.json,formation-30-tm07,3,7,10,knots,replaced," ahead when its profile was not usable, holding final airspeed within about 7 kt above the briefed value. The small excess that did appear followed a "
data/observations2/formation/formation-30.json,formation-30-tm07,1,13,,knots,skip-ambiguous: er must BE C1 (spec 5.9) [plus side] target=ambiguous(15/20),"SP, flying as Number 2, let final airspeed run about 13 kt above the briefed value while matching the aircraft ahead, at the out"
data/observations2/formation/formation-30.json,formation-30-tm08,3,40,,feet,skip-ambiguous:  must BE C3 (spec 5.9) [minus side] target=ambiguous(50/150),"f and single ship go-around procedures, keeping final altitude within about 40 ft low during the transition and airspeed within about 7 kt above the br"
data/observations2/formation/formation-30.json,formation-30-tm08,3,7,10,knots,replaced,tude within about 40 ft low during the transition and airspeed within about 7 kt above the briefed value. The small deviation that did appear followed
data/observations2/formation/formation-30.json,formation-30-tm08,1,90,,feet,skip-ambiguous: must BE C1 (spec 5.9) [minus side] target=ambiguous(100/300),SP let final altitude go about 90 ft below profile and airspeed build to about 13 kt above the briefed val
data/observations2/formation/formation-30.json,formation-30-tm08,1,13,,knots,skip-ambiguous: er must BE C1 (spec 5.9) [plus side] target=ambiguous(15/20),"let final altitude go about 90 ft below profile and airspeed build to about 13 kt above the briefed value as the nose was lowered to recover, at the ou"
data/observations2/instrument/instrument-02.json,instrument-02-em01,2,10,8,knots,replaced," liftoff to approximately 7 knots fast, between the -0,+5 and the -0,+10 knots tolerances, without any IP intervention. The correction was made in t"
data/observations2/instrument/instrument-02.json,instrument-02-em02,2,10,8,feet,replaced,"ed the track before liftoff at about 8 ft, between the +/-5 ft and +/-10 ft tolerances, without any IP intervention. The displacement did not gro"
data/observations2/instrument/instrument-02.json,instrument-02-em07,2,10,8,knots,replaced,"ely 7 knots on the airspeed indication, between the -0,+5 and the -0,+10 knots tolerances, from a pitch attitude set slightly low during the acceler"
data/observations2/instrument/instrument-02.json,instrument-02-tm01,2,10,8,feet,replaced,"tained to roughly 7 ft left of centerline, between the +/-5 ft and +/-10 ft tolerances, without any IP intervention. The drift did not carry furt"
data/observations2/instrument/instrument-02.json,instrument-02-tm06,2,10,8,knots,replaced,"ed contained to about 7 knots off standard, between the -0,+5 and -0,+10 knots tolerances. No IP intervention was required. This is consistent with "
data/observations2/instrument/instrument-02.json,instrument-02-tm07,2,10,8,knots,replaced,"ed contained to about 7 knots off standard, between the -0,+5 and -0,+10 knots tolerances. No IP intervention was required. This is consistent with "
data/observations2/instrument/instrument-04.json,instrument-04-tm03,2,150,220,feet,skip-between,"the next parameter had let altitude drift roughly 200 ft, between the 150 ft and 300 ft limits. This is consistent with the expected proficiency f"
data/observations2/instrument/instrument-04.json,instrument-04-tm03,2,300,220,feet,skip-between,"rameter had let altitude drift roughly 200 ft, between the 150 ft and 300 ft limits. This is consistent with the expected proficiency for the Trai"
data/observations2/instrument/instrument-04.json,instrument-04-tm05,2,150,220,feet,skip-between,"ly 200 ft in altitude with a matching airspeed excursion, between the 150 ft and 300 ft limits and the 10 and 20 KIAS limits. This is consistent w"
data/observations2/instrument/instrument-04.json,instrument-04-tm05,2,300,220,feet,skip-between,"n altitude with a matching airspeed excursion, between the 150 ft and 300 ft limits and the 10 and 20 KIAS limits. This is consistent with the exp"
data/observations2/instrument/instrument-06.json,instrument-06-em01,3,100,150,feet,replaced,"SP held the assigned altitude within 100 feet throughout every acceleration and deceleration, with pitch adjusted t"
data/observations2/instrument/instrument-07.json,instrument-07-em02,2,150,220,feet,replaced,"SP picked up a deviation on the altimeter during the scan and flew back inside 150 feet promptly, without IP intervention, after a lead point taken from habi"
data/observations2/instrument/instrument-07.json,instrument-07-em03,2,5,8,degrees,replaced,"e drift on the attitude indicator and heading indicator and corrected back inside 5 degrees without IP intervention, after uncompensated yaw with the power adjus"
data/observations2/instrument/instrument-07.json,instrument-07-em05,2,10,15,knots,replaced,ing the two parameters in turn rather than together let airspeed move beyond 10 knots while re-establishing the briefed rate. This is consistent with the e
data/observations2/instrument/instrument-07.json,instrument-07-em06,2,150,220,feet,replaced,"SP saw the deviation on the altimeter and corrected back inside 150 feet promptly and without prompting from the IP, after a lead point that d"
data/observations2/instrument/instrument-07.json,instrument-07-tm06,3,100,150,feet_per_min,replaced,"rs with correspondingly small vertical speed changes, of the order of 100 feet per minute for 2 knots, keeping airspeed within 10 knots and the rate within 150"
data/observations2/instrument/instrument-07.json,instrument-07-tm06,3,2,10,knots,replaced,"small vertical speed changes, of the order of 100 feet per minute for 2 knots, keeping airspeed within 10 knots and the rate within 150 feet per mi"
data/observations2/instrument/instrument-11.json,instrument-11-tm04,2,10,8,degrees,replaced,"e applied to the first repetition initially passed the inverted point about 10 degrees off the horizon, with deviations between 150 and 300 ft and between 1"
data/observations2/instrument/instrument-12.json,instrument-12-em01,2,5,6,degrees,replaced," prompting, letting the deviation reach about 7 deg before closing it back inside 5 deg. The correction is still triggered by how far the needle has moved ra"
data/observations2/instrument/instrument-12.json,instrument-12-em02,2,5,6,degrees,replaced,he deviation reaching about 7 deg before the angle brought the course back inside 5 deg. The first solution is still built from the assigned radial rather th
data/observations2/instrument/instrument-12.json,instrument-12-em03,2,5,6,degrees,replaced, the overshoot reaching about 7 deg before the re-intercept closed it back inside 5 deg. The lead is still sized from the intercept angle alone rather than t
data/observations2/instrument/instrument-12.json,instrument-12-em04,2,5,6,degrees,replaced,ation open to about 6 deg before the wind correction angle brought it back inside 5 deg. The correction angle is still being adjusted after the course revers
data/observations2/instrument/instrument-12.json,instrument-12-em05,2,5,6,degrees,replaced,ing about 6 deg on the outbound radial before the intercept closed it inside 5 deg. The outbound intercept is still started a moment after the reversal 
data/observations2/instrument/instrument-12.json,instrument-12-em06,2,5,6,degrees,replaced,on reaching about 6 deg once before the course was reset and regained inside 5 deg. The setup on that leg was completed after the turn had already start
data/observations2/instrument/instrument-12.json,instrument-12-em07,1,7,8,degrees,replaced,tude reaching 300 ft below the assigned level and the rollout heading 7 deg in error before both were restored. The correction followed the IP's 
data/observations2/instrument/instrument-12.json,instrument-12-tm01,2,5,6,degrees,replaced,the deviation reaching about 7 deg before the reduced angle closed it inside 5 deg. The initial angle is still chosen close to the 90 deg index for disp
data/observations2/instrument/instrument-12.json,instrument-12-tm02,2,5,6,degrees,replaced,aching about 7 deg during one reversal before the course was regained inside 5 deg. The turn is still started a moment before the side of the CDI is con
data/observations2/instrument/instrument-12.json,instrument-12-tm03,2,5,6,degrees,replaced,iation reaching about 7 deg once before the reset course was regained inside 5 deg. That check is still made after the turn has begun on the leg where t
data/observations2/instrument/instrument-12.json,instrument-12-tm04,2,5,6,degrees,replaced,ion reaching about 7 deg before the rebuilt heading closed the course inside 5 deg. The 30 deg increment is still applied from an estimated bearing poin
data/observations2/instrument/instrument-12.json,instrument-12-tm05,2,5,6,degrees,replaced,ion reaching about 7 deg before the rebuilt heading closed the course inside 5 deg. The 45 deg increment is still applied from the tail of the bearing p
data/observations2/instrument/instrument-12.json,instrument-12-tm06,2,5,6,degrees,replaced,aching about 7 deg before the recomputed correction closed the course inside 5 deg. The crosswind component is still taken from the forecast rather than
data/observations2/instrument/instrument-12.json,instrument-12-tm07,2,5,6,degrees,replaced,he computed heading once before the bug was set and the course closed inside 5 deg. The bug is still being set after the turn has started on that leg ra
data/observations2/instrument/instrument-13.json,instrument-13-em01,2,5,6,degrees,replaced,"SP tracked both legs without prompting, letting the displacement grow past 5 degrees to about 7 degrees before the correction closed the CDI back to centr"
data/observations2/instrument/instrument-13.json,instrument-13-em02,2,5,6,degrees,replaced,"rift without prompting on both legs, letting the displacement re-open past 5 degrees to about 6 to 7 degrees before the crab angle was reapplied. The wind"
data/observations2/instrument/instrument-13.json,instrument-13-em03,2,5,6,degrees,replaced,"age on both circuits without prompting, letting the displacement open past 5 degrees to about 7 degrees before the turn back onto the outbound course clos"
data/observations2/instrument/instrument-13.json,instrument-13-em04,2,5,6,degrees,replaced,"orrection without prompting, letting the overshoot carry the aircraft past 5 degrees to about 6 degrees before the reduced correction closed the course. T"
data/observations2/instrument/instrument-13.json,instrument-13-em05,2,5,6,degrees,replaced,"tion setup without prompting on most legs, letting the aircraft drift past 5 degrees to about 6 degrees once before the identification was completed and t"
data/observations2/instrument/instrument-13.json,instrument-13-em08,2,5,6,degrees,replaced,"ross-check without prompting on most legs, letting the deviation open past 5 degrees to about 6 degrees once before the correction closed it. The scan is "
data/observations2/instrument/instrument-13.json,instrument-13-tm03,2,5,6,degrees,replaced,tions be flown in the wrong sense once before the displacement opened past 5 degrees to about 7 degrees and was corrected. The TO-FROM check is still made
data/observations2/instrument/instrument-13.json,instrument-13-tm04,2,5,6,degrees,replaced,"ference on most rejoins without prompting, letting the deviation stay outside 5 degrees to about 6 degrees once before an added intercept angle closed it. Th"
data/observations2/instrument/instrument-13.json,instrument-13-tm05,2,5,6,degrees,replaced,"oint on most rejoins without prompting, letting the displacement grow past 5 degrees to about 6 degrees once before a smaller angle closed the course. The"
data/observations2/instrument/instrument-13.json,instrument-13-tm06,2,5,6,degrees,replaced,"ial on most corrections without prompting, letting the deviation open past 5 degrees to about 7 degrees once before an angle near 45 degrees closed it. Th"
data/observations2/instrument/instrument-13.json,instrument-13-tm07,2,5,6,degrees,replaced,"ing without prompting on most corrections, letting the deviation open past 5 degrees to about 6 degrees once before the moved bug closed the course. The b"
data/observations2/instrument/instrument-14.json,instrument-14-em01,2,1,1.5,DME,skip-between,"on the intercept, settling about 1.5 DME outside the arc, between the 1 DME and 2 DME limits, before turning back to the arc in time. The correct"
data/observations2/instrument/instrument-14.json,instrument-14-em01,2,2,1.5,DME,skip-between,"ercept, settling about 1.5 DME outside the arc, between the 1 DME and 2 DME limits, before turning back to the arc in time. The correction turn i"
data/observations2/instrument/instrument-14.json,instrument-14-em02,2,1,1.5,DME,skip-between," without prompting, passing about 1.5 DME inside the arc, between the 1 DME and 2 DME limits, before correcting back onto the arc unaided. The le"
data/observations2/instrument/instrument-14.json,instrument-14-em02,2,2,1.5,DME,skip-between,"rompting, passing about 1.5 DME inside the arc, between the 1 DME and 2 DME limits, before correcting back onto the arc unaided. The lead used is"
data/observations2/instrument/instrument-14.json,instrument-14-em06,2,1,1.5,DME,skip-between,"during the intercept, drifting about 1.5 DME off the arc, between the 1 DME and 2 DME limits, before correcting back onto the arc without IP inte"
data/observations2/instrument/instrument-14.json,instrument-14-em06,2,2,1.5,DME,skip-between," intercept, drifting about 1.5 DME off the arc, between the 1 DME and 2 DME limits, before correcting back onto the arc without IP intervention. "
data/observations2/instrument/instrument-14.json,instrument-14-em07,2,1,1.5,DME,skip-between,"rn without prompting, drifting about 1.5 DME off the arc, between the 1 DME and 2 DME limits, before returning to the arc without IP intervention"
data/observations2/instrument/instrument-14.json,instrument-14-em07,2,2,1.5,DME,skip-between," prompting, drifting about 1.5 DME off the arc, between the 1 DME and 2 DME limits, before returning to the arc without IP intervention. The corr"
data/observations2/instrument/instrument-14.json,instrument-14-em09,2,1,1.5,DME,skip-between,"st without prompting, drifting about 1.5 DME off the arc, between the 1 DME and 2 DME limits, before completing the setup and regaining the arc. "
data/observations2/instrument/instrument-14.json,instrument-14-em09,2,2,1.5,DME,skip-between," prompting, drifting about 1.5 DME off the arc, between the 1 DME and 2 DME limits, before completing the setup and regaining the arc. The naviga"
data/observations2/instrument/instrument-14.json,instrument-14-tm01,2,1,1.5,DME,skip-between,"ed the arc in time, passing about 1.5 DME inside the arc, between the 1 DME and 2 DME limits. The reduction of the lead point is still only parti"
data/observations2/instrument/instrument-14.json,instrument-14-tm01,2,2,1.5,DME,skip-between," in time, passing about 1.5 DME inside the arc, between the 1 DME and 2 DME limits. The reduction of the lead point is still only partial for tur"
data/observations2/instrument/instrument-14.json,instrument-14-tm02,2,1,1.5,DME,skip-between,"ning to the arc, finishing about 1.5 DME outside the arc, between the 1 DME and 2 DME limits. The wind correction is still applied after the turn"
data/observations2/instrument/instrument-14.json,instrument-14-tm02,2,2,1.5,DME,skip-between,"e arc, finishing about 1.5 DME outside the arc, between the 1 DME and 2 DME limits. The wind correction is still applied after the turn has been "
data/observations2/instrument/instrument-17.json,instrument-17-tm01,3,8,10,knots,replaced,"en asked to slow, with airspeed excursions during the pattern staying inside 8 knots of the target on most of the pattern. One excursion ran slightly wide"
data/observations2/instrument/instrument-17.json,instrument-17-tm02,3,4,5,degrees,replaced,"fference on most legs, with deviation from the holding radial staying inside 4 degrees through the whole pattern. One leg needed the correction refined a li"
data/observations2/instrument/instrument-17.json,instrument-17-tm03,3,8,10,knots,replaced,"the holding condition early, on most entries, with airspeed remaining inside 8 knots of 150 KIAS. One entry needed a slightly later torque adjustment, wit"
data/observations2/instrument/instrument-17.json,instrument-17-tm04,3,4,5,degrees,replaced,"he turn and the leg timing, on most of the change, holding the radial inside 4 degrees and the estimated time over the IAF inside 1 minute. One segment show"
data/observations2/instrument/instrument-17.json,instrument-17-tm05,3,4,5,degrees,replaced,"attern, on most entries, with tracking of the assigned radial staying inside 4 degrees. One entry needed the picture reached a little more slowly than the r"
data/observations2/instrument/instrument-18.json,instrument-18-em01,2,10,,knots,skip-ambiguous: readably between C3=10 and C1=15 (spec 5.9) target=ambiguous,"etting airspeed increase to about 12 knots above target, outside the +10 knot standard, before reducing power promptly. The nose-low attitude carri"
data/observations2/instrument/instrument-18.json,instrument-18-em02,2,5,6,degrees,replaced,"ift reach about 7 degrees off the penetration radial, outside the +/- 5 degree standard, before applying a suitable wind correction angle. The cross"
data/observations2/instrument/instrument-18.json,instrument-18-em07,2,5,,knots,skip-ambiguous: readably between C3=10 and C1=15 (spec 5.9) target=ambiguous,"g, letting airspeed fall about 8 knots below the target, outside the -5 knot standard, before the target speed was regained. Power is still added "
data/observations2/instrument/instrument-18.json,instrument-18-tm01,2,10,,knots,skip-ambiguous: readably between C3=10 and C1=15 (spec 5.9) target=ambiguous,"ng airspeed increase to about 12 knots above target, outside the plus 10 knot standard, before power and speed brake brought it back inside toleran"
data/observations2/instrument/instrument-18.json,instrument-18-tm02,2,10,,knots,skip-ambiguous: readably between C3=10 and C1=15 (spec 5.9) target=ambiguous," letting airspeed reach about 12 knots above target, outside the plus 10 knot standard, before setting 5 degrees nose-low with 20 percent torque. T"
data/observations2/instrument/instrument-18.json,instrument-18-tm03,2,10,,knots,skip-ambiguous: readably between C3=10 and C1=15 (spec 5.9) target=ambiguous," letting airspeed reach about 12 knots above target, outside the plus 10 knot standard, before it was returned inside tolerance. The VSI cross-chec"
data/observations2/instrument/instrument-18.json,instrument-18-tm04,2,5,,knots,skip-ambiguous: readably between C3=10 and C1=15 (spec 5.9) target=ambiguous,"tting airspeed decay to about 8 knots below target, outside the minus 5 knot standard, before speed was restored inside tolerance. The allowance f"
data/observations2/instrument/instrument-18.json,instrument-18-tm06,2,5,6,degrees,replaced,"about 7 degrees off the penetration radial, outside the plus or minus 5 degree standard, before taking an intercept heading and re-establishing the "
data/observations2/instrument/instrument-18.json,instrument-18-tm07,2,5,6,degrees,replaced,"ourse drift about 7 degrees off the radial, outside the plus or minus 5 degree standard, while the field elevation and runway data were looked up du"
data/observations2/instrument/instrument-18.json,instrument-18-tm08,2,5,6,degrees,replaced,"ng it drift about 7 degrees off the radial, outside the plus or minus 5 degree standard, while the re-routing from an uncoordinated request was bein"
data/observations2/instrument/instrument-19.json,instrument-19-em01,2,150,220,feet,replaced,"in good time without IP intervention, letting altitude deviation grow past 150 feet to approximately 200 to 250 feet before returning to the cleared alti"
data/observations2/instrument/instrument-19.json,instrument-19-em03,2,5,8,degrees,replaced," the assigned heading without IP intervention, letting deviation pass 5 degrees and reach approximately 7 to 8 degrees before it was corrected. The a"
data/observations2/instrument/instrument-19.json,instrument-19-em09,2,5,8,degrees,replaced,"red stable flight without IP intervention, letting heading drift pass 5 degrees and altitude control become irregular within the 150 to 300 feet band"
data/observations2/instrument/instrument-20.json,instrument-20-tm01,3,4,5,degrees,replaced,"g bug, on most of the final segment, with course displacement staying inside 4 degrees. One correction was slightly wider than the rest, without leaving the"
data/observations2/instrument/instrument-20.json,instrument-20-tm02,3,4,5,degrees,replaced,"before the FAF on most of the approach, course displacement remaining inside 4 degrees with only small refinements needed on the inbound leg. One refinement"
data/observations2/instrument/instrument-21.json,instrument-21-em03,2,10,,knots,skip-ambiguous: readably between C3=10 and C1=15 (spec 5.9) target=ambiguous, letting airspeed drift into the band between plus 10/-5 and plus 15/-10 knots of the computed value before a single measured power correction resto
data/observations2/instrument/instrument-22.json,instrument-22-em02,2,1,1.5,dots,replaced,etween needle movement and correction so displacement stays closer to 1 dot.
data/observations2/instrument/instrument-23.json,instrument-23-tm01,3,4,5,degrees,replaced,"low the 5 degree limit of the technique, holding heading error within about 4 degrees of the assigned heading, due to one correction sized at the top of th"
data/observations2/instrument/instrument-23.json,instrument-23-tm02,3,4,5,degrees,replaced,"pproach heading before the turn onto final, holding deviations within about 4 degrees of the bugged heading, due to the bug value needing a small refinemen"
data/observations2/instrument/instrument-23.json,instrument-23-tm03,3,4,5,degrees,replaced,"ed heading down the final, with residual azimuth error staying within about 4 degrees, due to the figure needing a small refinement once the actual crosswi"
data/observations2/instrument/instrument-23.json,instrument-23-tm05,3,8,10,knots,replaced," the torque setting for the configured final, holding airspeed within about 8 knots fast and 4 knots slow of 110 KIAS, due to one correction sized a frac"
data/observations2/instrument/instrument-23.json,instrument-23-tm05,3,4,5,knots,replaced," the configured final, holding airspeed within about 8 knots fast and 4 knots slow of 110 KIAS, due to one correction sized a fraction larger than "
data/observations2/instrument/instrument-23.json,instrument-23-tm06,3,8,10,knots,replaced,"point before the FAF, holding speed inside the standard, no more than about 8 knots fast and 4 knots slow of 110 KIAS, due to the trim needing one small "
data/observations2/instrument/instrument-23.json,instrument-23-tm06,3,4,5,knots,replaced,"olding speed inside the standard, no more than about 8 knots fast and 4 knots slow of 110 KIAS, due to the trim needing one small correction as the"
data/observations2/instrument/instrument-23.json,instrument-23-tm07,3,120,,feet,skip-ambiguous: at-3 number must BE C3 (spec 5.9) target=ambiguous(100/150),"e that met each published altitude, with profile error staying within about 120 feet, due to one segment's rate needing a small increase to stay on the ca"
data/observations2/instrument/instrument-23.json,instrument-23-tm08,3,4,5,knots,replaced,"iate flap setting, holding airspeed inside the standard, no more than about 4 knots slow and 8 knots fast of the target, due to the increase being sized "
data/observations2/instrument/instrument-23.json,instrument-23-tm08,3,8,10,knots,replaced,"ing airspeed inside the standard, no more than about 4 knots slow and 8 knots fast of the target, due to the increase being sized a fraction smalle"
data/observations2/instrument/instrument-24.json,instrument-24-em02,2,5,8,degrees,skip-between,"SP flew the assigned vectors with heading deviation settling between 5 deg and 10 deg, due to a slightly high roll rate on the turn to final. Th"
data/observations2/instrument/instrument-24.json,instrument-24-em02,2,10,8,degrees,skip-between,"he assigned vectors with heading deviation settling between 5 deg and 10 deg, due to a slightly high roll rate on the turn to final. The result is"
data/observations2/instrument/instrument-24.json,instrument-24-em03,2,10,15,knots,skip-between,"SP held the target airspeed with the deviation settling between 10 kt and 20 kt fast, due to slightly coarse throttle handling during the c"
data/observations2/instrument/instrument-24.json,instrument-24-em03,2,20,15,knots,skip-between,"eld the target airspeed with the deviation settling between 10 kt and 20 kt fast, due to slightly coarse throttle handling during the configurati"
data/observations2/instrument/instrument-24.json,instrument-24-tm01,1,5,10,degrees,replaced,"SP kept course corrections close to the 5 deg limit beneath the heading bug, with the overshoot reaching about 10 d"
data/observations2/instrument/instrument-24.json,instrument-24-tm01,2,5,8,degrees,skip-between,"eg limit beneath the heading bug, with the overshoot swinging between 5 deg and 10 deg before it settled, due to a first correction slightly larg"
data/observations2/instrument/instrument-24.json,instrument-24-tm01,2,10,8,degrees,skip-between,"eneath the heading bug, with the overshoot swinging between 5 deg and 10 deg before it settled, due to a first correction slightly larger than the"
data/observations2/instrument/instrument-24.json,instrument-24-tm01,2,5,8,degrees,replaced,"SP kept course corrections close to the 5 deg limit beneath the heading bug, with the overshoot swinging between 5 "
data/observations2/instrument/instrument-24.json,instrument-24-tm01,2,5,8,degrees,replaced,"before it settled, due to a first correction slightly larger than the 5 deg limit. This is consistent with the expected proficiency for the Train"
data/observations2/instrument/instrument-24.json,instrument-24-tm03,2,10,15,knots,skip-between," approach speed with power corrections settling the deviation between 10 kt and 20 kt fast, due to one power correction sized larger than the dev"
data/observations2/instrument/instrument-24.json,instrument-24-tm03,2,20,15,knots,skip-between,"speed with power corrections settling the deviation between 10 kt and 20 kt fast, due to one power correction sized larger than the deviation dem"
data/observations2/instrument/instrument-24.json,instrument-24-tm04,2,10,15,knots,skip-between,"se to the 2-3 NM point prior to final, with airspeed settling between 10 kt and 20 kt fast while the last trim change was made, due to configurin"
data/observations2/instrument/instrument-24.json,instrument-24-tm04,2,20,15,knots,skip-between,"2-3 NM point prior to final, with airspeed settling between 10 kt and 20 kt fast while the last trim change was made, due to configuring slightly"
data/observations2/instrument/instrument-24.json,instrument-24-tm05,2,5,8,degrees,skip-between,"for the final approach course with heading deviation settling between 5 deg and 10 deg, due to an initial drift estimate that was not refined aga"
data/observations2/instrument/instrument-24.json,instrument-24-tm05,2,10,8,degrees,skip-between,"nal approach course with heading deviation settling between 5 deg and 10 deg, due to an initial drift estimate that was not refined against the GP"
data/observations2/instrument/instrument-24.json,instrument-24-tm06,2,10,15,knots,skip-between,"peed for the reported conditions, with the deviation settling between 10 kt and 20 kt fast through the gusts before the increment was added, due "
data/observations2/instrument/instrument-24.json,instrument-24-tm06,2,20,15,knots,skip-between,"he reported conditions, with the deviation settling between 10 kt and 20 kt fast through the gusts before the increment was added, due to the inc"
data/observations2/instrument/instrument-28.json,instrument-28-em05,2,10,,knots,skip-ambiguous:  readably between C3=5 and C1=10 (spec 5.9) target=ambiguous,"d down with speed settling at about 7 knots fast, between the +5 and +10 knots standards, due to a slightly late idle selection in the round out. Th"
data/observations2/instrument/instrument-28.json,instrument-28-em06,2,10,,knots,skip-ambiguous:  readably between C3=5 and C1=10 (spec 5.9) target=ambiguous,"d down with speed settling at about 8 knots fast, between the +5 and +10 knots standards, due to reducing power too late in the flaps up round out. "
data/observations2/vfr_navigation/vfr_navigation-03.json,vfr_navigation-03-em01,3,4,5,knots,replaced,"SP rotated about 4 kt above the computed rotation speed, due to the transition from the run"
data/observations2/vfr_navigation/vfr_navigation-03.json,vfr_navigation-03-em01,1,9,10,knots,replaced,"SP rotated about 9 kt above the computed rotation speed, at the edge of the standard, due t"
data/observations2/vfr_navigation/vfr_navigation-03.json,vfr_navigation-03-em05,3,4,5,knots,replaced," brought the A/C to the proper T/O attitude with the airspeed held to about 4 kt inside the standard, due to the attitude being confirmed against the "
data/observations2/vfr_navigation/vfr_navigation-03.json,vfr_navigation-03-em05,1,9,10,knots,replaced,"he A/C to the proper T/O attitude with the resulting airspeed held to about 9 kt inside the standard, due to the first pitch input being set approxima"
data/observations2/vfr_navigation/vfr_navigation-03.json,vfr_navigation-03-em06,3,4,5,knots,replaced,"e A/C to the proper climbing attitude with the climb airspeed held to about 4 kt inside the standard, due to a short settling period before the attitu"
data/observations2/vfr_navigation/vfr_navigation-03.json,vfr_navigation-03-em06,1,9,10,knots,replaced,"e A/C to the proper climbing attitude with the climb airspeed held to about 9 kt inside the standard, due to the pitch being allowed to settle gradual"
data/observations2/vfr_navigation/vfr_navigation-03.json,vfr_navigation-03-em08,3,4,5,knots,replaced,"SP accelerated the A/C to the standard climb airspeed and held it to about 4 kt inside the standard, due to the aircraft being trimmed a moment after"
data/observations2/vfr_navigation/vfr_navigation-03.json,vfr_navigation-03-em08,1,9,10,knots,replaced,"SP accelerated the A/C to the standard climb airspeed and held it to about 9 kt inside the standard, due to a trim input following flap retraction by"
data/observations2/vfr_navigation/vfr_navigation-03.json,vfr_navigation-03-em09,3,4,5,feet,replaced,SP kept the aircraft within about 4 ft of the centerline on the ground and on the extended centerline after 
data/observations2/vfr_navigation/vfr_navigation-03.json,vfr_navigation-03-em09,1,9,10,feet,replaced,SP kept the aircraft within about 9 ft of the centerline on the ground and on the extended centerline after 
data/observations2/vfr_navigation/vfr_navigation-03.json,vfr_navigation-03-tm02,3,4,5,feet,replaced,"SP held the ground track within about 4 ft of the centerline, due to the elevator settling a fraction aft of neu"
data/observations2/vfr_navigation/vfr_navigation-03.json,vfr_navigation-03-tm02,1,9,10,feet,replaced,"SP held the ground track within about 9 ft of the centerline, at the edge of the standard, due to a slight aft b"
data/observations2/vfr_navigation/vfr_navigation-03.json,vfr_navigation-03-tm03,3,4,5,feet,replaced,"SP held the ground track within about 4 ft of the centerline, due to the heels settling on the floor a fraction "
data/observations2/vfr_navigation/vfr_navigation-03.json,vfr_navigation-03-tm03,1,9,10,feet,replaced,"SP held the ground track within about 9 ft of the centerline, at the edge of the standard, due to the heels ridi"
data/observations2/vfr_navigation/vfr_navigation-03.json,vfr_navigation-03-tm04,3,4,5,feet,replaced,"SP held the ground track within about 4 ft of the centerline, due to one correction being sized a fraction large"
data/observations2/vfr_navigation/vfr_navigation-03.json,vfr_navigation-03-tm04,1,9,10,feet,replaced,"SP held the ground track within about 9 ft of the centerline, at the edge of the standard, due to one correction"
data/observations2/vfr_navigation/vfr_navigation-03.json,vfr_navigation-03-tm05,3,4,5,feet,replaced,"SP held the ground track within about 4 ft of the centerline, due to the into-wind aileron being added on SP's o"
data/observations2/vfr_navigation/vfr_navigation-03.json,vfr_navigation-03-tm05,1,9,10,feet,replaced,"SP held the ground track within about 9 ft of the centerline, at the edge of the standard, due to into-wind aile"
data/observations2/vfr_navigation/vfr_navigation-03.json,vfr_navigation-03-tm06,3,4,5,feet,replaced,"SP kept the A/C within about 4 ft of the extended centerline on the takeoff leg, due to the transition "
data/observations2/vfr_navigation/vfr_navigation-03.json,vfr_navigation-03-tm06,1,9,10,feet,replaced,"SP kept the A/C within about 9 ft of the extended centerline on the takeoff leg, at the edge of the sta"
data/observations2/vfr_navigation/vfr_navigation-03.json,vfr_navigation-03-tm07,3,4,5,feet,replaced,"SP held the extended centerline within about 4 ft on the initial climb, due to the trim being set a fraction after the "
data/observations2/vfr_navigation/vfr_navigation-03.json,vfr_navigation-03-tm07,1,9,10,feet,replaced,"SP held the extended centerline within about 9 ft on the initial climb, at the edge of the standard, due to right rudde"
data/observations2/vfr_navigation/vfr_navigation-03.json,vfr_navigation-03-tm08,3,4,5,knots,replaced,"SP rotated about 4 kt above the computed rotation speed to stay clear of the wake, due to t"
data/observations2/vfr_navigation/vfr_navigation-03.json,vfr_navigation-03-tm08,1,9,10,knots,replaced,"SP rotated about 9 kt above the computed rotation speed to stay clear of the wake, at the e"
data/observations2/vfr_navigation/vfr_navigation-04.json,vfr_navigation-04-em01,3,120,150,feet,replaced,"SP held the departure altitude to about 120 feet from the assigned value, due to the altitude cross-check at the segme"
data/observations2/vfr_navigation/vfr_navigation-04.json,vfr_navigation-04-em01,1,280,300,feet,replaced,"SP held the departure altitude to about 280 feet from the assigned value, at the edge of the standard, due to the leve"
data/observations2/vfr_navigation/vfr_navigation-04.json,vfr_navigation-04-em02,3,8,10,knots,replaced,"SP held the departure airspeed to about 8 knots from the briefed value, due to the power change at one configuration "
data/observations2/vfr_navigation/vfr_navigation-04.json,vfr_navigation-04-em02,1,18,20,knots,replaced,"SP held the departure airspeed to about 18 knots from the briefed value, at the edge of the standard, due to the power"
data/observations2/vfr_navigation/vfr_navigation-04.json,vfr_navigation-04-em03,3,4,5,degrees,replaced,"SP held the departure heading to about 4 degrees from the assigned value, due to the drift correction being applied a "
data/observations2/vfr_navigation/vfr_navigation-04.json,vfr_navigation-04-em03,1,9,10,degrees,replaced,"SP held the departure heading to about 9 degrees from the assigned value, at the edge of the standard, due to the roll"
data/observations2/vfr_navigation/vfr_navigation-04.json,vfr_navigation-04-em05,3,4,5,degrees,replaced,"gment of the SID at the published point, holding the heading error to about 4 degrees at the segment change, due to the turn being started a fraction later"
data/observations2/vfr_navigation/vfr_navigation-04.json,vfr_navigation-04-em05,1,9,10,degrees,replaced,"gment of the SID at the published point, holding the heading error to about 9 degrees at the segment change, at the edge of the standard, due to the change"
data/observations2/vfr_navigation/vfr_navigation-04.json,vfr_navigation-04-em07,3,8,10,knots,replaced,"on changes at the scheduled points, holding the resulting airspeed to about 8 knots inside the standard, due to a control pressure being relieved a fract"
data/observations2/vfr_navigation/vfr_navigation-04.json,vfr_navigation-04-em07,1,18,20,knots,replaced,"on changes at the scheduled points, holding the resulting airspeed to about 18 knots inside the standard, at the edge of the standard, due to the trim inp"
data/observations2/vfr_navigation/vfr_navigation-04.json,vfr_navigation-04-em08,3,4,5,degrees,replaced,"SP maintained the outside lookout with the departure heading held to about 4 degrees during the busiest cockpit task, due to one head-down period running "
data/observations2/vfr_navigation/vfr_navigation-04.json,vfr_navigation-04-em08,1,9,10,degrees,replaced,"SP maintained the outside lookout with the departure heading held to about 9 degrees during the busiest cockpit task, at the edge of the standard, due to "
data/observations2/vfr_navigation/vfr_navigation-04.json,vfr_navigation-04-tm02,3,8,10,knots,replaced,"SP flew the climbout at about 8 knots below the briefed value, due to the nose being lowered a fraction aft"
data/observations2/vfr_navigation/vfr_navigation-04.json,vfr_navigation-04-tm02,1,18,20,knots,replaced,"SP flew the climbout at about 18 knots below the briefed value, at the edge of the standard, due to the pitc"
data/observations2/vfr_navigation/vfr_navigation-04.json,vfr_navigation-04-tm04,3,4,5,degrees,replaced,"SP held the departure heading to about 4 degrees using outside references, due to the crosscheck shifting to a ground "
data/observations2/vfr_navigation/vfr_navigation-04.json,vfr_navigation-04-tm04,1,9,10,degrees,replaced,"SP held the departure heading to about 9 degrees using outside references, at the edge of the standard, due to one cor"
data/observations2/vfr_navigation/vfr_navigation-04.json,vfr_navigation-04-tm05,3,120,150,feet,replaced," at the trigger altitude, holding the resulting altitude deviation to about 120 feet, due to the operations check starting a fraction after initial level-"
data/observations2/vfr_navigation/vfr_navigation-04.json,vfr_navigation-04-tm05,1,280,300,feet,replaced," at the trigger altitude, holding the resulting altitude deviation to about 280 feet, at the edge of the standard, due to the trigger being treated as an "
data/observations2/vfr_navigation/vfr_navigation-04.json,vfr_navigation-04-tm07,1,280,300,feet,replaced,"tions and set the NAVAIDs and GPS before takeoff, holding altitude to about 280 feet and track to about 9 degrees while confirming one clearance element d"
data/observations2/vfr_navigation/vfr_navigation-04.json,vfr_navigation-04-tm07,1,9,10,degrees,replaced,"d GPS before takeoff, holding altitude to about 280 feet and track to about 9 degrees while confirming one clearance element during the climb, at the edge "
data/observations2/vfr_navigation/vfr_navigation-05.json,vfr_navigation-05-tm01,3,120,150,feet,replaced,"SP trimmed the aircraft after the level-off, holding altitude to about 120 feet and heading to about 4 degrees, due to the trim check after a turning"
data/observations2/vfr_navigation/vfr_navigation-05.json,vfr_navigation-05-tm01,1,280,300,feet,replaced,"SP trimmed the aircraft after the level-off, holding altitude to about 280 feet and heading to about 9 degrees, at the edge of the standard, due to t"
data/observations2/vfr_navigation/vfr_navigation-05.json,vfr_navigation-05-tm01,1,9,10,degrees,replaced,"fter the level-off, holding altitude to about 280 feet and heading to about 9 degrees, at the edge of the standard, due to the trim being set only once the"
data/observations2/vfr_navigation/vfr_navigation-05.json,vfr_navigation-05-tm03,3,120,150,feet,replaced," with attention on aircraft control and clearing, holding altitude to about 120 feet through the turn and rolling out within about 4 degrees of the new le"
data/observations2/vfr_navigation/vfr_navigation-05.json,vfr_navigation-05-tm03,3,4,5,degrees,replaced,"ng altitude to about 120 feet through the turn and rolling out within about 4 degrees of the new leg heading, due to one cockpit task being resumed a fract"
data/observations2/vfr_navigation/vfr_navigation-05.json,vfr_navigation-05-tm03,1,280,300,feet,replaced," with attention on aircraft control and clearing, holding altitude to about 280 feet through the turn and rolling out within about 9 degrees of the new le"
data/observations2/vfr_navigation/vfr_navigation-05.json,vfr_navigation-05-tm03,1,9,10,degrees,replaced,"ng altitude to about 280 feet through the turn and rolling out within about 9 degrees of the new leg heading, at the edge of the standard, due to a cockpit"
data/observations2/vfr_navigation/vfr_navigation-05.json,vfr_navigation-05-tm04,3,4,5,degrees,replaced,"positional awareness, holding altitude to about 120 feet and track to about 4 degrees, due to the height above ground being assessed a fraction after the f"
data/observations2/vfr_navigation/vfr_navigation-05.json,vfr_navigation-05-tm05,3,120,150,feet,replaced,"riefed spacing before diverting attention inside, holding altitude to about 120 feet while the task was worked, due to attention returning outside a fract"
data/observations2/vfr_navigation/vfr_navigation-05.json,vfr_navigation-05-tm05,1,280,300,feet,replaced,"riefed spacing before diverting attention inside, holding altitude to about 280 feet while the task was worked, at the edge of the standard, due to one co"
data/observations2/vfr_navigation/vfr_navigation-05.json,vfr_navigation-05-tm06,3,8,10,knots,replaced," stack, fore and aft, lateral spacing, holding airspeed excursions to about 8 knots during the corrections, due to the fore-and-aft reference being addre"
data/observations2/vfr_navigation/vfr_navigation-05.json,vfr_navigation-05-tm06,1,18,20,knots,replaced," stack, fore and aft, lateral spacing, holding airspeed excursions to about 18 knots during the corrections, at the edge of the standard, due to two refer"
data/observations2/vfr_navigation/vfr_navigation-05.json,vfr_navigation-05-tm07,3,8,10,knots,replaced,"position with the three PCL movements, holding airspeed excursions to about 8 knots, due to one correction being sized with the whole arm before it was r"
data/observations2/vfr_navigation/vfr_navigation-05.json,vfr_navigation-05-tm07,1,18,20,knots,replaced,"position with the three PCL movements, holding airspeed excursions to about 18 knots, at the edge of the standard, due to the stopping movement being appl"
data/observations2/vfr_navigation/vfr_navigation-05.json,vfr_navigation-05-tm08,3,120,150,feet,replaced,"hed Number 1 roll rate at the roll-in, holding vertical excursions to about 120 feet, due to the sight picture being confirmed a fraction after the roll-i"
data/observations2/vfr_navigation/vfr_navigation-05.json,vfr_navigation-05-tm08,1,280,300,feet,replaced,"hed Number 1 roll rate at the roll-in, holding vertical excursions to about 280 feet, at the edge of the standard, due to the roll rate being matched a be"
data/observations2/vfr_navigation/vfr_navigation-06.json,vfr_navigation-06-em01,3,120,150,feet,replaced,"ltitude while modifying the mission profile, holding the deviation to about 120 feet, due to the level-off lead point being judged a fraction late during "
data/observations2/vfr_navigation/vfr_navigation-06.json,vfr_navigation-06-em01,1,280,300,feet,replaced,"ltitude while modifying the mission profile, holding the deviation to about 280 feet, at the edge of the standard, due to the altimeter scan being widened"
data/observations2/vfr_navigation/vfr_navigation-06.json,vfr_navigation-06-em02,3,8,10,knots,replaced,"ned leg airspeed while revising the profile, holding the deviation to about 8 knots, due to the airspeed being confirmed a fraction after the power chang"
data/observations2/vfr_navigation/vfr_navigation-06.json,vfr_navigation-06-em02,1,18,20,knots,replaced,"ned leg airspeed while revising the profile, holding the deviation to about 18 knots, at the edge of the standard, due to the power setting being chosen f"
data/observations2/vfr_navigation/vfr_navigation-06.json,vfr_navigation-06-em03,3,4,5,degrees,replaced,"SP flew the amended leg heading within about 4 degrees of the computed value, due to the heading being confirmed against the"
data/observations2/vfr_navigation/vfr_navigation-06.json,vfr_navigation-06-em03,1,9,10,degrees,replaced,"SP flew the amended leg heading within about 9 degrees of the computed value, at the edge of the standard, due to the correc"
data/observations2/vfr_navigation/vfr_navigation-06.json,vfr_navigation-06-em08,3,120,150,feet,replaced,"erly during the turns onto the amended legs, holding altitude loss to about 120 feet, due to the roll-out correction being applied a fraction after the as"
data/observations2/vfr_navigation/vfr_navigation-06.json,vfr_navigation-06-em08,1,280,300,feet,replaced,"erly during the turns onto the amended legs, holding altitude loss to about 280 feet, at the edge of the standard, due to the back pressure and power bein"
data/observations2/vfr_navigation/vfr_navigation-06.json,vfr_navigation-06-em09,3,4,5,degrees,replaced,"e heading to return to the intended track, holding the track error to about 4 degrees, due to the correction being applied a fraction after the fix rather "
data/observations2/vfr_navigation/vfr_navigation-06.json,vfr_navigation-06-em09,1,9,10,degrees,replaced,"e heading to return to the intended track, holding the track error to about 9 degrees, at the edge of the standard, due to the displacement being measured "
data/observations2/vfr_navigation/vfr_navigation-06.json,vfr_navigation-06-tm01,3,4,5,degrees,replaced,"berate course duration method with the return turn rolling out within about 4 degrees of the required heading, due to the return heading being confirmed a "
data/observations2/vfr_navigation/vfr_navigation-06.json,vfr_navigation-06-tm01,1,9,10,degrees,replaced,"berate course duration method with the return turn rolling out within about 9 degrees of the required heading, at the edge of the standard, due to the outb"
data/observations2/vfr_navigation/vfr_navigation-06.json,vfr_navigation-06-tm02,3,4,5,degrees,replaced," inbound leg for the same duration, holding the track displacement to about 4 degrees at roll-out, due to the ETA update being made a fraction after adding"
data/observations2/vfr_navigation/vfr_navigation-06.json,vfr_navigation-06-tm02,1,9,10,degrees,replaced," inbound leg for the same duration, holding the track displacement to about 9 degrees at roll-out, at the edge of the standard, due to the kneeboard record"
data/observations2/vfr_navigation/vfr_navigation-06.json,vfr_navigation-06-tm03,3,120,150,feet,replaced,"etween terrain clearance tasks and mission tasks, holding altitude to about 120 feet during the busiest computation, due to one segment running a fraction"
data/observations2/vfr_navigation/vfr_navigation-06.json,vfr_navigation-06-tm03,1,280,300,feet,replaced,"etween terrain clearance tasks and mission tasks, holding altitude to about 280 feet during the busiest computation, at the edge of the standard, due to o"
data/observations2/vfr_navigation/vfr_navigation-06.json,vfr_navigation-06-tm05,3,8,10,knots,replaced,"the planned IAS at level off on the new leg, holding the deviation to about 8 knots, due to the airspeed settling a fraction after the fuel flow was set "
data/observations2/vfr_navigation/vfr_navigation-06.json,vfr_navigation-06-tm05,1,18,20,knots,replaced,"the planned IAS at level off on the new leg, holding the deviation to about 18 knots, at the edge of the standard, due to the planned fuel flow being set "
data/observations2/vfr_navigation/vfr_navigation-07.json,vfr_navigation-07-em01,3,8,10,feet,replaced,"tion reference while flying fingertip, holding the working spacing to about 8 ft over the reference, due to the coordinated input being sized a fracti"
data/observations2/vfr_navigation/vfr_navigation-07.json,vfr_navigation-07-em01,1,10,20,feet,replaced,"SP preserved the 10 ft minimum lateral separation reference while flying fingertip, holding "
data/observations2/vfr_navigation/vfr_navigation-07.json,vfr_navigation-07-em01,1,18,20,feet,replaced,"tion reference while flying fingertip, holding the working spacing to about 18 ft, at the edge of the standard, due to the aileron correction being sta"
data/observations2/vfr_navigation/vfr_navigation-07.json,vfr_navigation-07-em01,2,10,15,feet,replaced,"SP preserved the 10 ft minimum lateral separation reference while flying fingertip, holding "
data/observations2/vfr_navigation/vfr_navigation-07.json,vfr_navigation-07-em02,1,9,10,feet,replaced,"SP held the fingertip stack with vertical separation to about 9 ft low, at the edge of the standard, due to the pitch reference being ta"
data/observations2/vfr_navigation/vfr_navigation-07.json,vfr_navigation-07-tm09,3,2,,feet,skip-ambiguous: at-3 number must BE C3 (spec 5.9) target=ambiguous(4/10),"n the Techniques and Procedures Manual, holding vertical deviation to about 2 ft while the sequence was rebuilt, due to the lateral spacing being touc"
data/observations2/vfr_navigation/vfr_navigation-07.json,vfr_navigation-07-tm09,1,9,,feet,skip-ambiguous: at-1 number must BE C1 (spec 5.9) target=ambiguous(6/10/20),"n the Techniques and Procedures Manual, holding vertical deviation to about 9 ft while a lateral correction was in progress, at the edge of the standa"
data/observations2/vfr_navigation/vfr_navigation-07.json,vfr_navigation-07-tm12,3,2,,feet,skip-ambiguous: at-3 number must BE C3 (spec 5.9) target=ambiguous(4/10),"o focus or stare at a single reference, holding vertical deviation to about 2 ft while the scan circulated, due to the fore-aft axis being checked a f"
data/observations2/vfr_navigation/vfr_navigation-07.json,vfr_navigation-07-tm12,1,4,,feet,skip-ambiguous: at-1 number must BE C1 (spec 5.9) target=ambiguous(6/10/20),"o focus or stare at a single reference, holding vertical deviation to about 4 ft while the scan circulated, at the edge of the standard, due to the sc"
data/observations2/vfr_navigation/vfr_navigation-07.json,vfr_navigation-07-tm13,3,8,,feet,skip-ambiguous: at-3 number must BE C3 (spec 5.9) target=ambiguous(4/10),"nt, predictable roll rate, holding the wingman's spacing excursion to about 8 ft, due to the exit rate being matched to the entry a fraction after rol"
data/observations2/vfr_navigation/vfr_navigation-07.json,vfr_navigation-07-tm13,1,18,,feet,skip-ambiguous: at-1 number must BE C1 (spec 5.9) target=ambiguous(6/10/20),"nt, predictable roll rate, holding the wingman's spacing excursion to about 18 ft, at the edge of the standard, due to the roll being begun slightly ab"
data/observations2/vfr_navigation/vfr_navigation-07.json,vfr_navigation-07-tm15,3,8,,feet,skip-ambiguous: at-3 number must BE C3 (spec 5.9) target=ambiguous(4/10),"the pushover into the en route descent, holding lateral separation to about 8 ft, due to the aircraft being stepped clear of the wingtip vortices a fr"
data/observations2/vfr_navigation/vfr_navigation-07.json,vfr_navigation-07-tm15,1,18,,feet,skip-ambiguous: at-1 number must BE C1 (spec 5.9) target=ambiguous(6/10/20),"the pushover into the en route descent, holding lateral separation to about 18 ft, at the edge of the standard, due to the G being allowed to reduce cl"
data/observations2/vfr_navigation/vfr_navigation-08.json,vfr_navigation-08-em01,3,280,,feet,skip-ambiguous: at-3 number must BE C3 (spec 5.9) target=ambiguous(300/500),"the briefed tactical altitude, holding the deviation to about +450 / -280 feet, due to the correction at bank increase being applied a fraction afte"
data/observations2/vfr_navigation/vfr_navigation-08.json,vfr_navigation-08-em01,1,480,,feet,skip-ambiguous: at-1 number must BE C1 (spec 5.9) target=ambiguous(500/1000),"the briefed tactical altitude, holding the deviation to about +900 / -480 feet, at the edge of the standard, due to the altimeter sample being taken"
data/observations2/vfr_navigation/vfr_navigation-08.json,vfr_navigation-08-em02,3,13,15,knots,replaced,"ntained the briefed entry and exit airspeed, holding the deviation to about 13 knots, due to the exit speed being confirmed a fraction after the rollout r"
data/observations2/vfr_navigation/vfr_navigation-08.json,vfr_navigation-08-em02,1,28,30,knots,replaced,"ntained the briefed entry and exit airspeed, holding the deviation to about 28 knots, at the edge of the standard, due to the power increase at roll-in be"
data/observations2/vfr_navigation/vfr_navigation-08.json,vfr_navigation-08-em03,3,9,10,degrees,replaced,"SP rolled out on the required recovery heading, holding the error to about 9 degrees, due to the heading being confirmed on the HSI a fraction after the w"
data/observations2/vfr_navigation/vfr_navigation-08.json,vfr_navigation-08-em03,1,28,30,degrees,replaced,"SP rolled out on the required recovery heading, holding the error to about 28 degrees, at the edge of the standard, due to the lead point for the rollout b"
data/observations2/vfr_navigation/vfr_navigation-08.json,vfr_navigation-08-em05,3,9,10,degrees,replaced," the tactical line abreast position, holding the bearing deviation to about 9 degrees, due to the bearing being re-established a fraction after the correct"
data/observations2/vfr_navigation/vfr_navigation-08.json,vfr_navigation-08-em05,1,28,30,degrees,replaced," the tactical line abreast position, holding the bearing deviation to about 28 degrees, at the edge of the standard, due to the power correction after each "
data/observations2/vfr_navigation/vfr_navigation-08.json,vfr_navigation-08-em06,3,400,500,feet,replaced,"P maintained the briefed lateral separation, holding the deviation to about 400 feet, due to the spacing being cross-checked against a ground reference a "
data/observations2/vfr_navigation/vfr_navigation-08.json,vfr_navigation-08-em06,1,900,1000,feet,replaced,"P maintained the briefed lateral separation, holding the deviation to about 900 feet, at the edge of the standard, due to the heading correction toward No"
data/observations2/vfr_navigation/vfr_navigation-09.json,vfr_navigation-09-em01,3,280,,feet,skip-ambiguous: at-3 number must BE C3 (spec 5.9) target=ambiguous(300/500),"cal altitude through the turn, holding the deviation to about +450 / -280 feet, due to energy being traded for position a fraction before pitch comp"
data/observations2/vfr_navigation/vfr_navigation-09.json,vfr_navigation-09-em01,1,480,,feet,skip-ambiguous: at-1 number must BE C1 (spec 5.9) target=ambiguous(500/1000),"cal altitude through the turn, holding the deviation to about +900 / -480 feet, at the edge of the standard, due to the pitch compensation for bank "
data/observations2/vfr_navigation/vfr_navigation-09.json,vfr_navigation-09-em02,3,13,15,knots,replaced,"ntained the briefed entry and exit airspeed, holding the deviation to about 13 knots, due to exit speed being confirmed a fraction after the rollout rathe"
data/observations2/vfr_navigation/vfr_navigation-09.json,vfr_navigation-09-em02,1,27,30,knots,replaced,"ntained the briefed entry and exit airspeed, holding the deviation to about 27 knots, at the edge of the standard, due to the power addition following the"
data/observations2/vfr_navigation/vfr_navigation-09.json,vfr_navigation-09-em03,3,9,10,degrees,replaced,"SP rolled out on the briefed recovery heading, holding the error to about 9 degrees, due to the rollout being started a fraction later than the rate of t"
data/observations2/vfr_navigation/vfr_navigation-09.json,vfr_navigation-09-em03,1,27,30,degrees,replaced,"SP rolled out on the briefed recovery heading, holding the error to about 27 degrees, at the edge of the standard, due to the rate of turn being assessed "
data/observations2/vfr_navigation/vfr_navigation-09.json,vfr_navigation-09-em05,3,9,10,degrees,replaced,"ctical formation position, holding the deviation from line abreast to about 9 degrees, due to the energy adjustment closing the gap a fraction after the ro"
data/observations2/vfr_navigation/vfr_navigation-09.json,vfr_navigation-09-em05,1,27,30,degrees,replaced,"ctical formation position, holding the deviation from line abreast to about 27 degrees, at the edge of the standard, due to the lead's relative position bei"
data/observations2/vfr_navigation/vfr_navigation-09.json,vfr_navigation-09-em06,3,400,500,feet,replaced," maintained the required lateral separation, holding the deviation to about 400 feet, due to the rollout heading diverging a fraction from the lead's befo"
data/observations2/vfr_navigation/vfr_navigation-09.json,vfr_navigation-09-em06,1,900,1000,feet,replaced," maintained the required lateral separation, holding the deviation to about 900 feet, at the edge of the standard, due to the briefed spread being re-esta"
data/observations2/vfr_navigation/vfr_navigation-10.json,vfr_navigation-10-em01,3,0.8,1,NM,replaced,"SP held the planned ground track within about 0.8 NM throughout the route, crossing each checkpoint close to the course li"
data/observations2/vfr_navigation/vfr_navigation-10.json,vfr_navigation-10-em01,1,1.8,2,NM,replaced,"SP held the displacement from the planned ground track at about 1.8 NM, correcting back toward the course line before the next checkpoint. T"
data/observations2/vfr_navigation/vfr_navigation-10.json,vfr_navigation-10-em02,3,0.7,1,NM,replaced,tion against the course line continuously and held the track error to about 0.7 NM on the leg where a correction was needed. The small residual came fro
data/observations2/vfr_navigation/vfr_navigation-10.json,vfr_navigation-10-em02,1,1.8,2,NM,replaced,"SP corrected the track deviation with the displacement at about 1.8 NM, closing back to the course line during the following leg. The delaye"
data/observations2/vfr_navigation/vfr_navigation-10.json,vfr_navigation-10-em03,3,0.6,1,NM,replaced,ngle that matched the observed drift and held the ground track within about 0.6 NM for the leg concerned. The small residual came from a drift estimate 
data/observations2/vfr_navigation/vfr_navigation-10.json,vfr_navigation-10-em03,1,1.9,2,NM,replaced,SP closed the track error to the course line with the displacement at about 1.9 NM before the correction angle was set. The delay came from two small he
data/observations2/vfr_navigation/vfr_navigation-10.json,vfr_navigation-10-em05,3,0.7,1,NM,replaced,SP remained oriented throughout the route and held the track error to about 0.7 NM on the leg where a brief check was needed. The small uncertainty came
data/observations2/vfr_navigation/vfr_navigation-10.json,vfr_navigation-10-em05,1,1.8,2,NM,replaced,"SP re-established orientation with the track error at about 1.8 NM, using the next major ground feature after an unplanned deviation aro"
data/observations2/vfr_navigation/vfr_navigation-10.json,vfr_navigation-10-em06,3,0.6,1,NM,replaced,SP sequenced the navigation tasks so the track error stayed at about 0.6 NM even on the leg with the heaviest workload at the turning point. The 
data/observations2/vfr_navigation/vfr_navigation-10.json,vfr_navigation-10-em06,1,1.9,2,NM,replaced,SP completed the log and time entries with the track error at about 1.9 NM while catching up on tasks bunched at the turning point. The workload
data/observations2/vfr_navigation/vfr_navigation-10.json,vfr_navigation-10-tm07,3,0.6,1,NM,replaced,Standard Closing Angle from the 60-1 rule and held the track error to about 0.6 NM for the remainder of the leg. The small residual came from a hold tim
data/observations2/vfr_navigation/vfr_navigation-10.json,vfr_navigation-10-tm07,1,1.9,2,NM,replaced,-applied the Standard Closing Angle with the residual displacement at about 1.9 NM before the course line was regained on the following leg. The shortfa
data/observations2/vfr_navigation/vfr_navigation-10.json,vfr_navigation-10-tm08,3,0.6,1,NM,replaced,le increments using the wingtip reference and held the track error to about 0.6 NM. The small residual came from a wingtip reading taken a moment before
data/observations2/vfr_navigation/vfr_navigation-10.json,vfr_navigation-10-tm08,1,1.9,2,NM,replaced, offset estimate using the wingtip reference with the displacement at about 1.9 NM before the correction closed it back to the course line. The initial 
data/observations2/vfr_navigation/vfr_navigation-10.json,vfr_navigation-10-tm09,3,0.6,1,NM,replaced,try point early and established the first leg with the track error at about 0.6 NM for the remainder of that leg. The small residual came from a heading
data/observations2/vfr_navigation/vfr_navigation-10.json,vfr_navigation-10-tm10,3,0.6,1,NM,replaced,"tes out and turned on time, holding the track error on the new leg to about 0.6 NM. The small residual came from a second confirming feature that took a"
data/observations2/vfr_navigation/vfr_navigation-10.json,vfr_navigation-10-tm10,1,1.9,2,NM,replaced,SP turned onto the new leg with the resulting track error at about 1.9 NM after starting the search for the turn point only as it was approache
data/observations2/vfr_navigation/vfr_navigation-10.json,vfr_navigation-10-tm11,3,0.6,1,NM,replaced,out reference before rolling in and held the new leg's track error to about 0.6 NM after fine tuning the heading. The small residual came from a landmar
data/observations2/vfr_navigation/vfr_navigation-10.json,vfr_navigation-10-tm11,1,1.9,2,NM,replaced,"ned the heading onto the new course with the resulting track error at about 1.9 NM after rolling out on the heading indicator alone, with no landmark of"
data/observations2/vfr_navigation/vfr_navigation-10.json,vfr_navigation-10-tm12,3,0.6,1,NM,replaced,"eading bug on the wind corrected heading, and held the track error to about 0.6 NM. The small residual came from a Track step that was confirmed a momen"
data/observations2/vfr_navigation/vfr_navigation-10.json,vfr_navigation-10-tm12,1,1.9,2,NM,replaced,SP regained the course line with the track error at about 1.9 NM after the 6 Ts were started well after the checkpoint rather than ove
data/observations2/vfr_navigation/vfr_navigation-10.json,vfr_navigation-10-tm13,3,0.6,1,NM,replaced,d speed changes based on the 60 to 1 rule and kept the track error at about 0.6 NM while the elapsed time was recovered. The small residual came from an
data/observations2/vfr_navigation/vfr_navigation-10.json,vfr_navigation-10-tm13,1,1.9,2,NM,replaced,SP resumed the planned track with the displacement at about 1.9 NM after correcting timing by cutting the route short rather than applyi
data/observations2/vfr_navigation/vfr_navigation-10.json,vfr_navigation-10-tm14,3,0.6,1,NM,replaced,"with twice the original heading change, and rejoined the route within about 0.6 NM of the planned track. The small residual came from an inbound leg flo"
data/observations2/vfr_navigation/vfr_navigation-10.json,vfr_navigation-10-tm14,1,1.9,2,NM,replaced,SP rejoined the route with the displacement at about 1.9 NM after a deviation angle well above the recommended maximum of 70 degr
data/observations2/vfr_navigation/vfr_navigation-11.json,vfr_navigation-11-em01,3,95,150,feet,replaced,"cognized the ground point promptly, holding the altitude excursion to about 95 ft while doing so. The small residual traced to a secondary feature that"
data/observations2/vfr_navigation/vfr_navigation-11.json,vfr_navigation-11-em01,1,275,300,feet,replaced,"SP identified the ground point with altitude at about 275 ft from the assigned value, correcting back to the assigned altitude onc"
data/observations2/vfr_navigation/vfr_navigation-11.json,vfr_navigation-11-em02,1,9,10,degrees,replaced,SP restored the Time-Map-Ground order with heading at about 9 degrees from the briefed value before the picture stabilized. The reversal tr
data/observations2/vfr_navigation/vfr_navigation-11.json,vfr_navigation-11-em03,1,9,10,degrees,replaced,SP re-established the approach to the turning point with heading at about 9 degrees from the briefed value before the correction closed. The late recogni
data/observations2/vfr_navigation/vfr_navigation-11.json,vfr_navigation-11-em04,1,275,300,feet,replaced,SP resumed the cross-check with altitude at about 275 ft and airspeed at about 18 kt from the assigned values before both were
data/observations2/vfr_navigation/vfr_navigation-11.json,vfr_navigation-11-em04,1,18,20,knots,replaced,resumed the cross-check with altitude at about 275 ft and airspeed at about 18 kt from the assigned values before both were corrected. The extended hea
data/observations2/vfr_navigation/vfr_navigation-11.json,vfr_navigation-11-em05,1,270,300,feet,replaced,SP re-established a usable chart set-up with altitude at about 270 ft from the assigned value while the fold was corrected. The delay trace
data/observations2/vfr_navigation/vfr_navigation-11.json,vfr_navigation-11-em06,3,95,150,feet,replaced,SP held the assigned navigation altitude to within about 95 ft while interleaving chart glances with the instrument cross-check. The
data/observations2/vfr_navigation/vfr_navigation-11.json,vfr_navigation-11-em06,1,280,300,feet,replaced,SP returned to the assigned navigation altitude with the excursion at about 280 ft before the trend was fully arrested. The drift traced to an instrumen
data/observations2/vfr_navigation/vfr_navigation-11.json,vfr_navigation-11-em07,3,6,10,knots,replaced,SP maintained the briefed navigation airspeed within about 6 kt while carrying out the map reading task. The small residual came from
data/observations2/vfr_navigation/vfr_navigation-11.json,vfr_navigation-11-em07,1,18,20,knots,replaced,SP restored the briefed navigation airspeed with the deviation at about 18 kt before the leg timing was materially affected. The drift traced to po
data/observations2/vfr_navigation/vfr_navigation-11.json,vfr_navigation-11-em08,3,3,5,degrees,replaced,"SP maintained the briefed heading within about 3 degrees throughout the map reading task, referencing the heading indicator be"
data/observations2/vfr_navigation/vfr_navigation-11.json,vfr_navigation-11-em08,1,9,10,degrees,replaced,SP returned to the briefed heading with the deviation at about 9 degrees before the expected ground picture was fully re-acquired. The drift t
data/observations2/vfr_navigation/vfr_navigation-11.json,vfr_navigation-11-tm01,1,9,10,degrees,replaced,SP had the checkpoint identified with heading at about 9 degrees from the briefed value by the time the look-ahead window was restored
data/observations2/vfr_navigation/vfr_navigation-11.json,vfr_navigation-11-tm02,1,9,10,degrees,replaced,SP widened the scan to include the abeam sector with heading at about 9 degrees from the briefed value while the picture was re-acquired. The narrow 
data/observations2/vfr_navigation/vfr_navigation-11.json,vfr_navigation-11-tm03,1,275,300,feet,replaced,om the relative position of the surrounding features with altitude at about 275 ft from the assigned value during the hesitation. The delay traced to la
data/observations2/vfr_navigation/vfr_navigation-11.json,vfr_navigation-11-tm04,1,9,10,degrees,replaced,SP aligned the chart with the actual track with heading at about 9 degrees from the briefed value before the correct picture was restored. The t
data/observations2/vfr_navigation/vfr_navigation-11.json,vfr_navigation-11-tm05,1,9,10,degrees,replaced,SP confirmed the road by its planned time of arrival with heading at about 9 degrees from the briefed value before the reassessment was complete. The dela
data/observations2/vfr_navigation/vfr_navigation-11.json,vfr_navigation-11-tm06,1,270,300,feet,replaced,SP confirmed the checkpoint with altitude at about 270 ft from the assigned value once the unique element was found. The delay 
data/observations2/vfr_navigation/vfr_navigation-11.json,vfr_navigation-11-tm07,3,95,150,feet,replaced,"ntour lines, the spot elevations and the MEF, holding altitude within about 95 ft of the assigned value. The small residual came from a crosscheck appl"
data/observations2/vfr_navigation/vfr_navigation-11.json,vfr_navigation-11-tm07,1,275,300,feet,replaced,SP regained the assigned navigation altitude with the excursion at about 275 ft below it before the climb was complete. The late correction traced to
data/observations2/vfr_navigation/vfr_navigation-11.json,vfr_navigation-11-tm08,1,9,10,degrees,replaced,med the checkpoint from the distance to a nearby road with heading at about 9 degrees from the briefed value before the identification was complete. The de
data/observations2/vfr_navigation/vfr_navigation-12.json,vfr_navigation-12-em01,3,0.6,1,NM,replaced,"SP overflew the turning point within about 0.6 NM of the reference, applying track corrections early and in the correct"
data/observations2/vfr_navigation/vfr_navigation-12.json,vfr_navigation-12-em01,1,1.8,2,NM,replaced,"positioned onto the planned track with the turning point overflown at about 1.8 NM from the reference, correcting after the terrain comparison identifie"
data/observations2/vfr_navigation/vfr_navigation-12.json,vfr_navigation-12-em02,3,18,30,seconds,replaced,"SP arrived at the turning point within about 18 seconds of the calculated time, checking groundspeed early and applying small"
data/observations2/vfr_navigation/vfr_navigation-12.json,vfr_navigation-12-em03,3,27,45,seconds,replaced,"SP completed the navigation within about 27 seconds of the planned total time, monitoring the accumulated time against th"
data/observations2/vfr_navigation/vfr_navigation-12.json,vfr_navigation-12-em03,1,82,90,seconds,replaced,ased the airspeed for the remaining legs and completed the navigation about 82 seconds off the planned total time. The accumulation traced to individual leg
data/observations2/vfr_navigation/vfr_navigation-12.json,vfr_navigation-12-em04,3,0.6,1,NM,replaced,SP recognized the turning point confidently and overflew it within about 0.6 NM of the reference. The small residual came from a secondary feature co
data/observations2/vfr_navigation/vfr_navigation-12.json,vfr_navigation-12-em04,1,1.8,2,NM,replaced,the turning point from the pattern of features with the overflight at about 1.8 NM from the reference before the picture was confirmed. The hesitation t
data/observations2/vfr_navigation/vfr_navigation-12.json,vfr_navigation-12-em05,3,0.6,1,NM,replaced,"ed out on the planned figure, holding the following overflight within about 0.6 NM. The small residual came from a bank angle set a touch light for the "
data/observations2/vfr_navigation/vfr_navigation-12.json,vfr_navigation-12-em06,3,18,,seconds,skip-ambiguous: at-3 number must BE C3 (spec 5.9) target=ambiguous(30/45),"t at the completion of the leg time, with the decision reached within about 18 seconds of that point. The small residual came from a last visual check of th"
data/observations2/vfr_navigation/vfr_navigation-12.json,vfr_navigation-12-em06,1,55,,seconds,skip-ambiguous: at-1 number must BE C1 (spec 5.9) target=ambiguous(60/90),SP turned onto the next heading with the decision reached about 55 seconds beyond the completion of the leg time. The delay traced to the aircra
data/observations2/vfr_navigation/vfr_navigation-12.json,vfr_navigation-12-em07,3,18,,seconds,skip-ambiguous: at-3 number must BE C3 (spec 5.9) target=ambiguous(30/45),roundspeed at the planned checkpoints and completing every leg within about 18 seconds of the plan. The small residual came from a checkpoint check made a f
data/observations2/vfr_navigation/vfr_navigation-12.json,vfr_navigation-12-em07,1,55,,seconds,skip-ambiguous: at-1 number must BE C1 (spec 5.9) target=ambiguous(60/90),d time and the required correction with the leg duration recovered to about 55 seconds of the plan. The gap traced to leg timings written on the chart but n
data/observations2/vfr_navigation/vfr_navigation-12.json,vfr_navigation-12-em08,3,0.6,1,NM,replaced," interrupting aircraft control, overflying the following point within about 0.6 NM. The small residual came from a chart update finished a moment after "
data/observations2/vfr_navigation/vfr_navigation-12.json,vfr_navigation-12-em08,1,1.8,2,NM,replaced,ng and the timing tasks with the following turning point overflown at about 1.8 NM from the reference while catching up. The delay traced to the chart a
data/observations2/vfr_navigation/vfr_navigation-12.json,vfr_navigation-12-tm01,3,18,,seconds,skip-ambiguous: at-3 number must BE C3 (spec 5.9) target=ambiguous(30/45),checkpoint overflight within about 0.6 NM and the arrival time within about 18 seconds. The small residual came from a chart location confirmed a moment aft
data/observations2/vfr_navigation/vfr_navigation-12.json,vfr_navigation-12-tm01,3,0.6,1,NM,replaced,"ap-Ground method throughout, holding the checkpoint overflight within about 0.6 NM and the arrival time within about 18 seconds. The small residual came"
data/observations2/vfr_navigation/vfr_navigation-12.json,vfr_navigation-12-tm01,1,55,,seconds,skip-ambiguous: at-1 number must BE C1 (spec 5.9) target=ambiguous(60/90)," reverted, though the turning point was passed about 1.8 NM abeam and about 55 seconds off the planned time before the reversal took hold. The reversed sequ"
data/observations2/vfr_navigation/vfr_navigation-12.json,vfr_navigation-12-tm01,1,1.8,2,NM,replaced,"r once the sequence was reverted, though the turning point was passed about 1.8 NM abeam and about 55 seconds off the planned time before the reversal t"
data/observations2/vfr_navigation/vfr_navigation-12.json,vfr_navigation-12-tm02,3,18,,seconds,skip-ambiguous: at-3 number must BE C3 (spec 5.9) target=ambiguous(30/45),", holding turning points within about 0.6 NM and arrival times within about 18 seconds. The small residual came from a lateral reference checked a moment af"
data/observations2/vfr_navigation/vfr_navigation-12.json,vfr_navigation-12-tm02,3,0.6,1,NM,replaced,"ion with references in every direction, holding turning points within about 0.6 NM and arrival times within about 18 seconds. The small residual came fr"
data/observations2/vfr_navigation/vfr_navigation-12.json,vfr_navigation-12-tm02,1,55,,seconds,skip-ambiguous: at-1 number must BE C1 (spec 5.9) target=ambiguous(60/90),"correct feature, with the turning point passed about 1.8 NM abeam and about 55 seconds off the planned time before the scan widened. The narrow crosscheck t"
data/observations2/vfr_navigation/vfr_navigation-12.json,vfr_navigation-12-tm02,1,1.8,2,NM,replaced,"h side and located the correct feature, with the turning point passed about 1.8 NM abeam and about 55 seconds off the planned time before the scan widen"
data/observations2/vfr_navigation/vfr_navigation-12.json,vfr_navigation-12-tm03,3,18,,seconds,skip-ambiguous: at-3 number must BE C3 (spec 5.9) target=ambiguous(30/45),"minutes out, holding the resulting overflight within about 0.6 NM and about 18 seconds. The small residual came from a second confirming feature located a m"
data/observations2/vfr_navigation/vfr_navigation-12.json,vfr_navigation-12-tm03,3,0.6,1,NM,replaced,"o one and a half minutes out, holding the resulting overflight within about 0.6 NM and about 18 seconds. The small residual came from a second confirmin"
data/observations2/vfr_navigation/vfr_navigation-12.json,vfr_navigation-12-tm03,1,55,,seconds,skip-ambiguous: at-1 number must BE C1 (spec 5.9) target=ambiguous(60/90),"e was restored, with the resulting turn overflown at about 1.8 NM and about 55 seconds off the planned time. The late start traced to a search for the turn "
data/observations2/vfr_navigation/vfr_navigation-12.json,vfr_navigation-12-tm03,1,1.8,2,NM,replaced,"once the lead time was restored, with the resulting turn overflown at about 1.8 NM and about 55 seconds off the planned time. The late start traced to a"
data/observations2/vfr_navigation/vfr_navigation-12.json,vfr_navigation-12-tm04,3,18,,seconds,skip-ambiguous: at-3 number must BE C3 (spec 5.9) target=ambiguous(30/45),", holding turning points within about 0.6 NM and arrival times within about 18 seconds. The small residual came from a Talk item completed a moment after Tr"
data/observations2/vfr_navigation/vfr_navigation-12.json,vfr_navigation-12-tm04,3,0.6,1,NM,replaced,"int and performed the 6 Ts in sequence, holding turning points within about 0.6 NM and arrival times within about 18 seconds. The small residual came fr"
data/observations2/vfr_navigation/vfr_navigation-12.json,vfr_navigation-12-tm04,1,55,,seconds,skip-ambiguous: at-1 number must BE C1 (spec 5.9) target=ambiguous(60/90),"reset, with the following turning point overflown at about 1.8 NM and about 55 seconds off the plan before the flow caught up. The interrupted flow traced t"
data/observations2/vfr_navigation/vfr_navigation-12.json,vfr_navigation-12-tm04,1,1.8,2,NM,replaced," the setting was reset, with the following turning point overflown at about 1.8 NM and about 55 seconds off the plan before the flow caught up. The inte"
data/observations2/vfr_navigation/vfr_navigation-12.json,vfr_navigation-12-tm05,3,18,,seconds,skip-ambiguous: at-3 number must BE C3 (spec 5.9) target=ambiguous(30/45),"erence before rolling in, holding overflights within about 0.6 NM and about 18 seconds. The small residual came from a reference confirmed a moment after th"
data/observations2/vfr_navigation/vfr_navigation-12.json,vfr_navigation-12-tm05,3,0.6,1,NM,replaced,"isual rollout reference before rolling in, holding overflights within about 0.6 NM and about 18 seconds. The small residual came from a reference confir"
data/observations2/vfr_navigation/vfr_navigation-12.json,vfr_navigation-12-tm05,1,55,,seconds,skip-ambiguous: at-1 number must BE C1 (spec 5.9) target=ambiguous(60/90),"e tuned onto it, with the turning point overflown at about 1.8 NM and about 55 seconds off the plan before the correction closed. The late reference traced "
data/observations2/vfr_navigation/vfr_navigation-12.json,vfr_navigation-12-tm05,1,1.8,2,NM,replaced,"w heading and fine tuned onto it, with the turning point overflown at about 1.8 NM and about 55 seconds off the plan before the correction closed. The l"
data/observations2/vfr_navigation/vfr_navigation-12.json,vfr_navigation-12-tm06,3,18,,seconds,skip-ambiguous: at-3 number must BE C3 (spec 5.9) target=ambiguous(30/45),"tive or linear landmarks, holding overflights within about 0.6 NM and about 18 seconds. The small residual came from a classification confirmed a moment aft"
data/observations2/vfr_navigation/vfr_navigation-12.json,vfr_navigation-12-tm06,3,0.6,1,NM,replaced,"orrection on positive or linear landmarks, holding overflights within about 0.6 NM and about 18 seconds. The small residual came from a classification c"
data/observations2/vfr_navigation/vfr_navigation-12.json,vfr_navigation-12-tm06,1,55,,seconds,skip-ambiguous: at-1 number must BE C1 (spec 5.9) target=ambiguous(60/90),"ifiable feature, with the turning point overflown at about 1.8 NM and about 55 seconds off the plan before the correction was accepted. The wrong correction"
data/observations2/vfr_navigation/vfr_navigation-12.json,vfr_navigation-12-tm06,1,1.8,2,NM,replaced," positively identifiable feature, with the turning point overflown at about 1.8 NM and about 55 seconds off the plan before the correction was accepted."
data/observations2/vfr_navigation/vfr_navigation-12.json,vfr_navigation-12-tm07,3,18,,seconds,skip-ambiguous: at-3 number must BE C3 (spec 5.9) target=ambiguous(30/45)," that differentiate them, holding overflights within about 0.6 NM and about 18 seconds. The small residual came from a road confirmed by its planned time of"
data/observations2/vfr_navigation/vfr_navigation-12.json,vfr_navigation-12-tm07,3,0.6,1,NM,replaced,"s by the elements that differentiate them, holding overflights within about 0.6 NM and about 18 seconds. The small residual came from a road confirmed b"
data/observations2/vfr_navigation/vfr_navigation-12.json,vfr_navigation-12-tm07,1,55,,seconds,skip-ambiguous: at-1 number must BE C1 (spec 5.9) target=ambiguous(60/90),"h was corrected, with the turning point overflown at about 1.8 NM and about 55 seconds off the plan before the identification was confirmed. The hesitation "
data/observations2/vfr_navigation/vfr_navigation-12.json,vfr_navigation-12-tm07,1,1.8,2,NM,replaced,"nt once the search was corrected, with the turning point overflown at about 1.8 NM and about 55 seconds off the plan before the identification was confi"
data/observations2/vfr_navigation/vfr_navigation-12.json,vfr_navigation-12-tm08,3,18,,seconds,skip-ambiguous: at-3 number must BE C3 (spec 5.9) target=ambiguous(30/45),"andmark failed to appear, holding overflights within about 0.6 NM and about 18 seconds. The small residual came from a review of the last known position com"
data/observations2/vfr_navigation/vfr_navigation-12.json,vfr_navigation-12-tm08,3,0.6,1,NM,replaced," an anticipated landmark failed to appear, holding overflights within about 0.6 NM and about 18 seconds. The small residual came from a review of the la"
data/observations2/vfr_navigation/vfr_navigation-12.json,vfr_navigation-12-tm08,1,55,,seconds,skip-ambiguous: at-1 number must BE C1 (spec 5.9) target=ambiguous(60/90),"ock was checked, with the turning point overflown at about 1.8 NM and about 55 seconds off the plan before the recovery was complete. The deviation traced t"
data/observations2/vfr_navigation/vfr_navigation-12.json,vfr_navigation-12-tm08,1,1.8,2,NM,replaced," time once the clock was checked, with the turning point overflown at about 1.8 NM and about 55 seconds off the plan before the recovery was complete. T"
data/observations2/vfr_navigation/vfr_navigation-13.json,vfr_navigation-13-em01,3,95,150,feet,replaced,SP maintained the briefed navigation altitude within about 95 feet throughout GPS programming and monitoring. The small residual came fr
data/observations2/vfr_navigation/vfr_navigation-13.json,vfr_navigation-13-em01,1,280,300,feet,replaced,SP returned to the briefed navigation altitude with the excursion at about 280 feet before the trend was fully arrested. The delay traced to the GPS flig
data/observations2/vfr_navigation/vfr_navigation-13.json,vfr_navigation-13-em02,3,6,10,knots,replaced,SP maintained the briefed navigation airspeed within about 6 knots while operating the GPS. The small residual came from a trim check co
data/observations2/vfr_navigation/vfr_navigation-13.json,vfr_navigation-13-em02,1,18,20,knots,replaced,SP restored the briefed navigation airspeed with the deviation at about 18 knots before the leg timing was affected. The delay traced to power left un
data/observations2/vfr_navigation/vfr_navigation-13.json,vfr_navigation-13-em03,3,3,5,degrees,replaced,SP flew the GPS computed course within about 3 degrees on every leg. The small residual came from a coordinated correction a
data/observations2/vfr_navigation/vfr_navigation-13.json,vfr_navigation-13-em03,1,9,10,degrees,replaced,SP stabilized the heading on the computed course with the error at about 9 degrees before the oscillation stopped. The delay traced to the course deviat
data/observations2/vfr_navigation/vfr_navigation-13.json,vfr_navigation-13-em05,3,3,5,degrees,replaced,"he available navaids and the map on every leg, holding heading within about 3 degrees of the computed course. The small residual came from a discrepancy re"
data/observations2/vfr_navigation/vfr_navigation-13.json,vfr_navigation-13-em05,1,9,10,degrees,replaced,SP regained the route with the heading error at about 9 degrees before the crosscheck against the navaids was complete. The late comp
data/observations2/vfr_navigation/vfr_navigation-13.json,vfr_navigation-13-em07,1,275,300,feet,replaced,SP returned to the scan with altitude at about 275 feet and airspeed at about 18 knots from the assigned values before the fi
data/observations2/vfr_navigation/vfr_navigation-13.json,vfr_navigation-13-em07,1,18,20,knots,replaced, returned to the scan with altitude at about 275 feet and airspeed at about 18 knots from the assigned values before the fixation was fully broken. The ex
data/observations2/vfr_navigation/vfr_navigation-13.json,vfr_navigation-13-tm01,3,3,5,degrees,replaced,"E tuned, identified and inside the crosscheck, holding heading within about 3 degrees of the computed course. The small residual came from an identificatio"
data/observations2/vfr_navigation/vfr_navigation-13.json,vfr_navigation-13-tm01,1,9,10,degrees,replaced,SP verified the GPS course against the radial with the track error at about 9 degrees off the computed course before the verification was complete. The del
data/observations2/vfr_navigation/vfr_navigation-13.json,vfr_navigation-13-tm02,3,3,5,degrees,replaced,"firmed it with the DME change over one minute, holding heading within about 3 degrees of the computed course. The small residual came from an ETA update co"
data/observations2/vfr_navigation/vfr_navigation-13.json,vfr_navigation-13-tm02,1,9,10,degrees,replaced,SP applied the revised drift correction with the heading error at about 9 degrees before the timing to the turning point was recovered. The late correc
data/observations2/vfr_navigation/vfr_navigation-13.json,vfr_navigation-13-tm04,1,275,300,feet,replaced,SP completed the in-flight checks with altitude at about 275 feet from the assigned value while catching up on the items. The late chec
data/observations2/vfr_navigation/vfr_navigation-13.json,vfr_navigation-13-tm06,3,95,150,feet,replaced," confirmed it against the GPS distance to go, holding altitude within about 95 feet at the following fix. The small residual came from a confirmation che"
data/observations2/vfr_navigation/vfr_navigation-13.json,vfr_navigation-13-tm06,1,275,300,feet,replaced, regained the planned altitude close to the fix with the deviation at about 275 feet before the descent stabilized. The steepened gradient traced to the s
data/observations2/vfr_navigation/vfr_navigation-13.json,vfr_navigation-13-tm07,3,95,150,feet,replaced,"MSA of the leg while re-establishing the fix, holding altitude within about 95 feet of the MSA during the recovery. The small residual came from a fix co"
data/observations2/vfr_navigation/vfr_navigation-13.json,vfr_navigation-13-tm07,1,275,300,feet,replaced,SP climbed toward the MSA with the altitude excursion at about 275 feet during the recovery before position was regained. The delay traced to
data/observations2/vfr_navigation/vfr_navigation-14.json,vfr_navigation-14-em01,3,95,150,feet,replaced,lled off at the assigned pattern altitude with deviations kept inside about 95 feet. The small residual came from a correction applied a moment after the
data/observations2/vfr_navigation/vfr_navigation-14.json,vfr_navigation-14-em01,1,280,300,feet,replaced,SP returned the aircraft to pattern altitude with the deviation at about 280 feet before the entry point was reached. The late correction traced to the
data/observations2/vfr_navigation/vfr_navigation-14.json,vfr_navigation-14-em02,3,6,10,knots,replaced,SP planned the deceleration so airspeed was held within about 6 knots of the briefed arrival speed through the descent and the pattern entr
data/observations2/vfr_navigation/vfr_navigation-14.json,vfr_navigation-14-em02,1,18,20,knots,replaced,brought the airspeed back to the pattern figure with the deviation at about 18 knots before the entry point was reached. The late deceleration traced to t
data/observations2/vfr_navigation/vfr_navigation-14.json,vfr_navigation-14-em03,3,3,5,degrees,replaced, rolled out on the required entry heading with deviations kept inside about 3 degrees and maintained it accurately along the arrival and entry legs. The sm
data/observations2/vfr_navigation/vfr_navigation-14.json,vfr_navigation-14-em03,1,9,10,degrees,replaced,SP corrected the heading onto the pattern axis with the deviation at about 9 degrees from the required entry heading before alignment was complete. The la
data/observations2/vfr_navigation/vfr_navigation-14.json,vfr_navigation-14-em05,1,275,300,feet,replaced,ed the aircraft at pattern altitude and airspeed with the altitude at about 275 feet and the airspeed at about 18 knots from the assigned values by the en
data/observations2/vfr_navigation/vfr_navigation-14.json,vfr_navigation-14-em05,1,18,20,knots,replaced, and airspeed with the altitude at about 275 feet and the airspeed at about 18 knots from the assigned values by the entry point. The late profile traced 
data/observations2/vfr_navigation/vfr_navigation-14.json,vfr_navigation-14-tm01,3,3,5,degrees,replaced,"ed the actual location, holding heading toward the entry point inside about 3 degrees. The small residual came from a heading correction applied a moment a"
data/observations2/vfr_navigation/vfr_navigation-14.json,vfr_navigation-14-tm01,1,9,10,degrees,replaced,itted the corrected position report and heading with the deviation at about 9 degrees off the inbound track before the correction was complete. The late re
data/observations2/vfr_navigation/vfr_navigation-14.json,vfr_navigation-14-tm02,3,3,5,degrees,replaced,"rom the crab required and the GPS groundspeed, holding heading inside about 3 degrees and the overflight comfortably inside the 0.5 NM radius. The small re"
data/observations2/vfr_navigation/vfr_navigation-14.json,vfr_navigation-14-tm02,1,9,10,degrees,replaced,SP applied the drift correction called by the IP with the heading at about 9 degrees off the pattern axis and the overflight close to the 0.5 NM limit bef
data/observations2/vfr_navigation/vfr_navigation-14.json,vfr_navigation-14-tm03,3,95,150,feet,replaced,"tween GPS groundspeed and indicated airspeed, holding altitude within about 95 feet of pattern altitude at the entry point. The small residual came from "
data/observations2/vfr_navigation/vfr_navigation-14.json,vfr_navigation-14-tm03,1,280,300,feet,replaced,SP corrected the profile with the deviation from pattern altitude at about 280 feet at the entry point before it was fully arrested. The compressed desce
data/observations2/vfr_navigation/vfr_navigation-14.json,vfr_navigation-14-tm04,3,95,150,feet,replaced," outside visual references, level off at pattern altitude made inside about 95 feet. The small residual came from a turn flown a moment later than the ea"
data/observations2/vfr_navigation/vfr_navigation-14.json,vfr_navigation-14-tm04,1,275,300,feet,replaced,d the pattern entry route with the deviation from pattern altitude at about 275 feet at the level off before the clearing turn was directed. The uncontrol
data/observations2/vfr_navigation/vfr_navigation-14.json,vfr_navigation-14-tm05,3,95,150,feet,replaced,"rior familiarity with the field, entry at the correct altitude within about 95 feet. The small residual came from a runway detail confirmed at the entry "
data/observations2/vfr_navigation/vfr_navigation-14.json,vfr_navigation-14-tm05,1,275,300,feet,replaced, and lighting uncertainty with the deviation from pattern altitude at about 275 feet at the entry point before it was fully corrected. The late resolution
data/observations2/vfr_navigation/vfr_navigation-14.json,vfr_navigation-14-tm06,3,6,10,knots,replaced,"eed brake to control the profile, formation arrival speed held within about 6 knots of the briefed value. The small residual came from a speed brake adju"
data/observations2/vfr_navigation/vfr_navigation-14.json,vfr_navigation-14-tm06,1,18,20,knots,replaced,the power setting above 20 percent torque with the formation speed at about 18 knots off the briefed arrival value before the profile stabilized. The low 
data/observations2/vfr_navigation/vfr_navigation-14.json,vfr_navigation-14-tm08,3,95,150,feet,replaced,"her than following the lead aircraft, holding pattern altitude within about 95 feet and the perch point unchanged. The small residual came from the diver"
data/observations2/vfr_navigation/vfr_navigation-14.json,vfr_navigation-14-tm08,1,275,300,feet,replaced, a normal contact pattern with the deviation from pattern altitude at about 275 feet on downwind before the go around decision point was reached. The matc
data/observations2/vfr_navigation/vfr_navigation-15.json,vfr_navigation-15-em01,3,95,150,feet,replaced,"SP maintained the assigned altitude within about 95 feet throughout the instrument segment, corrections small and promptly app"
data/observations2/vfr_navigation/vfr_navigation-15.json,vfr_navigation-15-em01,1,280,300,feet,replaced,SP returned to the assigned altitude with the deviation at about 280 feet before the trend was fully arrested. The delay traced to the trim set
data/observations2/vfr_navigation/vfr_navigation-15.json,vfr_navigation-15-em03,3,3,5,degrees,replaced,"SP maintained the assigned heading within about 3 degrees during the instrument procedure, turns rolled out on the required hea"
data/observations2/vfr_navigation/vfr_navigation-15.json,vfr_navigation-15-em03,1,9,10,degrees,replaced,SP corrected the heading with the error at about 9 degrees before the assigned value was fully recaptured. The single large corr
data/observations2/vfr_navigation/vfr_navigation-15.json,vfr_navigation-15-em04,1,275,300,feet,replaced,SP restored the instrument references with altitude at about 275 feet and heading at about 9 degrees from the assigned values before the tr
data/observations2/vfr_navigation/vfr_navigation-15.json,vfr_navigation-15-em04,1,9,10,degrees,replaced, instrument references with altitude at about 275 feet and heading at about 9 degrees from the assigned values before the transition was complete. The slow
data/observations2/vfr_navigation/vfr_navigation-15.json,vfr_navigation-15-em05,1,280,300,feet,replaced,tabilized the aircraft at the assigned altitude with the overshoot at about 280 feet before recapture was complete. The late recapture traced to pitch and
data/observations2/vfr_navigation/vfr_navigation-15.json,vfr_navigation-15-em06,3,3,5,degrees,replaced,"0 degrees or less, pitch and power matched to it, heading held within about 3 degrees. The small residual came from a pitch and power match applied a momen"
data/observations2/vfr_navigation/vfr_navigation-15.json,vfr_navigation-15-em06,1,9,10,degrees,replaced,SP restored the steady bank with heading at about 9 degrees from the assigned value before coordination was recaptured. The varia
data/observations2/vfr_navigation/vfr_navigation-15.json,vfr_navigation-15-em07,1,275,300,feet,replaced,SP retrimmed the aircraft with altitude at about 275 feet and airspeed at about 18 KIAS from the assigned values before stabili
data/observations2/vfr_navigation/vfr_navigation-15.json,vfr_navigation-15-em08,1,275,300,feet,replaced,SP completed the omitted step with altitude at about 275 feet from the assigned value once step-by-step direction had been given. T
data/observations2/vfr_navigation/vfr_navigation-15.json,vfr_navigation-15-em09,1,9,10,degrees,replaced,SP corrected the applied values with heading at about 9 degrees from the assigned figure before the correction closed. The wrong appl
data/observations2/vfr_navigation/vfr_navigation-15.json,vfr_navigation-15-tm01,3,3,5,degrees,replaced,"e turn away at 15 degrees of bank for 15 seconds, heading held within about 3 degrees and altitude within about 95 feet. The small residual came from a ban"
data/observations2/vfr_navigation/vfr_navigation-15.json,vfr_navigation-15-tm01,3,95,150,feet,replaced,"r 15 seconds, heading held within about 3 degrees and altitude within about 95 feet. The small residual came from a bank angle of less than 15 degrees, c"
data/observations2/vfr_navigation/vfr_navigation-15.json,vfr_navigation-15-tm01,1,9,10,degrees,replaced,SP completed the turn away with heading at about 9 degrees and altitude at about 280 feet from the assigned values before the ti
data/observations2/vfr_navigation/vfr_navigation-15.json,vfr_navigation-15-tm01,1,280,300,feet,replaced,mpleted the turn away with heading at about 9 degrees and altitude at about 280 feet from the assigned values before the timing was recaptured. The short 
data/observations2/vfr_navigation/vfr_navigation-15.json,vfr_navigation-15-tm02,1,275,300,feet,replaced,SP recovered stabilized flight with altitude at about 275 feet and airspeed at about 18 KIAS from the assigned values before the ind
data/observations2/vfr_navigation/vfr_navigation-15.json,vfr_navigation-15-tm03,3,3,5,degrees,skip-between,"e flight condition on each occasion, heading and altitude held within about 3 degrees and 95 feet. The small residual came from the variant confirmed a mom"
data/observations2/vfr_navigation/vfr_navigation-15.json,vfr_navigation-15-tm03,3,95,150,feet,replaced,"n each occasion, heading and altitude held within about 3 degrees and 95 feet. The small residual came from the variant confirmed a moment after se"
data/observations2/vfr_navigation/vfr_navigation-15.json,vfr_navigation-15-tm03,1,9,10,degrees,replaced,SP flew the corrected procedure with heading at about 9 degrees and altitude at about 275 feet from the assigned values before separa
data/observations2/vfr_navigation/vfr_navigation-15.json,vfr_navigation-15-tm03,1,275,300,feet,replaced,e corrected procedure with heading at about 9 degrees and altitude at about 275 feet from the assigned values before separation was fully achieved. The re
data/observations2/vfr_navigation/vfr_navigation-15.json,vfr_navigation-15-tm04,3,3,5,degrees,replaced,"he landing runway before starting the penetration, course held within about 3 degrees. The small residual came from the reposition directed a moment after "
data/observations2/vfr_navigation/vfr_navigation-15.json,vfr_navigation-15-tm04,1,9,10,degrees,replaced,SP repositioned the wingman with the approach course at about 9 degrees off the published figure before the stabilization was complete. The l
data/observations2/vfr_navigation/vfr_navigation-15.json,vfr_navigation-15-tm08,3,3,5,degrees,replaced,"ch attitude slowly, airspeed and heading held within about 6 KIAS and 3 degrees. The small residual came from a retraction call passed a moment after"
data/observations2/vfr_navigation/vfr_navigation-15.json,vfr_navigation-15-tm08,1,9,10,degrees,replaced,approach pitch attitude with airspeed at about 18 KIAS and heading at about 9 degrees from the assigned values before the transition stabilized. The unsett
data/observations2/vfr_navigation/vfr_navigation-16.json,vfr_navigation-16-em01,3,95,150,feet,replaced,"SP maintained the briefed approach altitude within about 95 feet throughout the formation approach, corrections prompt and smooth. The"
data/observations2/vfr_navigation/vfr_navigation-16.json,vfr_navigation-16-em01,1,280,300,feet,replaced,SP returned the flight to the assigned altitude with the deviation at about 280 feet before level flight was recaptured. The delayed level-off traced to t
data/observations2/vfr_navigation/vfr_navigation-16.json,vfr_navigation-16-em02,3,6,10,knots,replaced,"SP maintained the briefed formation approach speed within about 6 knots throughout the approach, power corrections small and applied early. T"
data/observations2/vfr_navigation/vfr_navigation-16.json,vfr_navigation-16-em02,1,18,20,knots,replaced," speed and stabilized the flight late on final, with the deviation at about 18 knots from the planned figure before the correction closed. The late reduct"
data/observations2/vfr_navigation/vfr_navigation-16.json,vfr_navigation-16-em03,3,3,5,degrees,replaced,SP rolled out on the briefed exit heading within about 3 degrees on each turn of the formation approach and held the inbound course ac
data/observations2/vfr_navigation/vfr_navigation-16.json,vfr_navigation-16-em03,1,9,10,degrees,replaced,flew a shallow correcting turn back onto course with the deviation at about 9 degrees off the inbound course before the correction closed. The late roll-ou
data/observations2/vfr_navigation/vfr_navigation-16.json,vfr_navigation-16-em04,3,6,10,feet,replaced,"SP maintained the lateral separation within about 6 feet of the reference point throughout the formation approach, holding the"
data/observations2/vfr_navigation/vfr_navigation-16.json,vfr_navigation-16-em04,1,18,20,feet,replaced,teral separation back to the reference point with the displacement at about 18 feet before position was restored. The late recognition traced to the late
data/observations2/vfr_navigation/vfr_navigation-16.json,vfr_navigation-16-tm01,3,6,10,knots,replaced,"ve 20 percent throughout the formation approach, airspeed held within about 6 knots of the briefed approach figure across the configuration change. The s"
data/observations2/vfr_navigation/vfr_navigation-16.json,vfr_navigation-16-tm01,1,18,20,knots,replaced,SP restored the power above the 20 percent floor with the airspeed at about 18 knots below the briefed figure before the wingman regained margin. The dela
data/observations2/vfr_navigation/vfr_navigation-16.json,vfr_navigation-16-tm02,3,6,10,knots,replaced," and at the briefed point, the speeds of the two aircraft held within about 6 knots. The small residual came from an acknowledgement confirmed a moment a"
data/observations2/vfr_navigation/vfr_navigation-16.json,vfr_navigation-16-tm03,3,6,,feet,skip-ambiguous: at-3 number must BE C3 (spec 5.9) target=ambiguous(5/10/150),"e descent, the wingman holding the fingertip lateral reference within about 6 feet throughout the penetration. The small residual came from the confirma"
data/observations2/vfr_navigation/vfr_navigation-16.json,vfr_navigation-16-tm04,3,3,5,degrees,replaced,"re the approach, the flight tracking the final approach course within about 3 degrees with no reposition required. The small residual came from the wind ch"
data/observations2/vfr_navigation/vfr_navigation-16.json,vfr_navigation-16-tm04,1,9,10,degrees,replaced,SP corrected the approach course with the deviation at about 9 degrees off before the geometry was restored. The drift traced to the landing
data/observations2/vfr_navigation/vfr_navigation-16.json,vfr_navigation-16-tm05,3,6,10,knots,replaced," down call for both aircraft in the correct order, speeds held within about 6 knots through the change. The small residual came from the check completed "
data/observations2/vfr_navigation/vfr_navigation-16.json,vfr_navigation-16-tm05,1,18,20,knots,replaced,s state by radio and reconfigured the flight with the speeds split by about 18 knots before they were matched. The gap traced to the configuration check b
data/observations2/vfr_navigation/vfr_navigation-16.json,vfr_navigation-16-tm06,3,6,10,knots,replaced," and confirmed the indication before continuing, airspeed held within about 6 knots of the briefed figure through the configuration change. The small res"
data/observations2/vfr_navigation/vfr_navigation-16.json,vfr_navigation-16-tm06,1,18,20,knots,replaced,SP reset the flaps to TO with the airspeed at about 18 knots away from the briefed figure before the flight was re-stabilized. The
data/observations2/vfr_navigation/vfr_navigation-16.json,vfr_navigation-16-tm07,3,6,10,knots,replaced," for the formation instrument approach and held the indication within about 6 knots, having confirmed that neither the reported winds nor a planned circl"
data/observations2/vfr_navigation/vfr_navigation-16.json,vfr_navigation-16-tm07,1,18,20,knots,replaced,SP corrected the speed onto the reference with the deviation at about 18 knots away from 110 KIAS before the correction closed. The uncorrected carr
data/observations2/vfr_navigation/vfr_navigation-17.json,vfr_navigation-17-em01,3,95,150,feet,replaced,"SP maintained the traffic pattern altitude of the LAP within about 95 feet throughout the circuit, small deviations corrected immediately with s"
data/observations2/vfr_navigation/vfr_navigation-17.json,vfr_navigation-17-em01,1,280,300,feet,replaced,SP returned to the LAP pattern altitude with the deviation at about 280 feet before the following leg was reached. The late correction traced to t
data/observations2/vfr_navigation/vfr_navigation-17.json,vfr_navigation-17-em02,3,6,10,knots,replaced,"SP maintained the traffic pattern airspeeds within about 6 knots on every leg of the circuit, power set early for each configuration c"
data/observations2/vfr_navigation/vfr_navigation-17.json,vfr_navigation-17-em02,1,18,20,knots,replaced,ought the airspeed back onto the pattern figure with the deviation at about 18 knots before it was corrected. The late reduction traced to retrimming bein
data/observations2/vfr_navigation/vfr_navigation-17.json,vfr_navigation-17-em03,3,3,5,degrees,replaced,"SP rolled out on the required pattern leg headings within about 3 degrees on every turn of the circuit, roll-out anticipated correctly for the "
data/observations2/vfr_navigation/vfr_navigation-17.json,vfr_navigation-17-em03,1,9,10,degrees,replaced,corrected the heading onto the required leg heading with the error at about 9 degrees before roll-out was complete. The late correction traced to the roll-
data/observations2/vfr_navigation/vfr_navigation-17.json,vfr_navigation-17-em08,3,95,150,feet,replaced,"itude before the authorized VFR entry point, holding the deviation to about 95 feet. The small residual came from a check completed a moment after the de"
data/observations2/vfr_navigation/vfr_navigation-17.json,vfr_navigation-17-em08,1,280,300,feet,replaced,"SP established the assigned altitude with the deviation at about 280 feet right at the entry point, once the IP had called for both the descent"
data/observations2/vfr_navigation/vfr_navigation-17.json,vfr_navigation-17-tm01,3,6,10,knots,replaced," whenever a higher rate of descent was required, airspeed held within about 6 knots of the briefed pattern figure. The small residual came from the speed"
data/observations2/vfr_navigation/vfr_navigation-17.json,vfr_navigation-17-tm01,1,18,20,knots,replaced, restored the airspeed above the pattern figure with the deviation at about 18 knots before the entry point was reached. The slow correction traced to pow
data/observations2/vfr_navigation/vfr_navigation-17.json,vfr_navigation-17-tm02,3,3,5,degrees,replaced,"y from Number 2 as echelon, exactly as briefed, roll-outs held within about 3 degrees. The small residual came from a confirmation completed a moment after"
data/observations2/vfr_navigation/vfr_navigation-17.json,vfr_navigation-17-tm02,1,9,10,degrees,replaced,e-established the flight on the pattern heading with the deviation at about 9 degrees before roll-out was corrected. The uncleared turn traced to the wingm
data/observations2/vfr_navigation/vfr_navigation-17.json,vfr_navigation-17-tm03,3,6,10,knots,replaced,"reduced it smoothly as the bank was established, airspeed held within about 6 knots of the briefed figure. The small residual came from the power reducti"
data/observations2/vfr_navigation/vfr_navigation-17.json,vfr_navigation-17-tm03,1,18,20,knots,replaced,er and completed the Break as a turn to downwind with the airspeed at about 18 knots low before the correction closed. The early reduction traced to power
data/observations2/vfr_navigation/vfr_navigation-18.json,vfr_navigation-18-em01,3,120,150,feet,replaced,"SP held break altitude within about 120 feet of the briefed pattern altitude, with the small excursion tracing to "
data/observations2/vfr_navigation/vfr_navigation-18.json,vfr_navigation-18-em01,1,280,300,feet,replaced,"ce required at this stage of training, with the deviation settling at about 280 feet as bank was applied at the break point. The trend comes from a slight"
data/observations2/vfr_navigation/vfr_navigation-18.json,vfr_navigation-18-em02,1,14,15,degrees,replaced,"break bank inside the tolerance required at this stage, holding it at about 14 degrees through the turn. The value traces to a roll input applied in two sma"
data/observations2/vfr_navigation/vfr_navigation-18.json,vfr_navigation-18-em03,3,120,150,feet,replaced,"SP held downwind altitude within about 120 feet through the configuration changes, the small excursion tracing to a b"
data/observations2/vfr_navigation/vfr_navigation-18.json,vfr_navigation-18-em03,1,280,300,feet,replaced," the tolerance required at this stage, with the deviation settling at about 280 feet as the gear and flaps were extended. The trend traces to a trim chang"
data/observations2/vfr_navigation/vfr_navigation-18.json,vfr_navigation-18-em04,3,7,10,knots,replaced,"SP held downwind airspeed at about 7 knots above the 120 KIAS minimum for most of the leg, the small margin trac"
data/observations2/vfr_navigation/vfr_navigation-18.json,vfr_navigation-18-em04,1,18,20,knots,replaced,"ind airspeed inside the tolerance required at this stage, settling at about 18 knots above the 120 KIAS minimum after the break. The margin traces to surp"
data/observations2/vfr_navigation/vfr_navigation-18.json,vfr_navigation-18-em05,3,7,10,knots,replaced,"SP held base leg airspeed at about 7 knots above the briefed value for the turn, the small margin tracing to pit"
data/observations2/vfr_navigation/vfr_navigation-18.json,vfr_navigation-18-em05,1,18,20,knots,replaced,"leg airspeed inside the tolerance required at this stage, settling at about 18 knots above the briefed value through the descending turn. The margin trace"
data/observations2/vfr_navigation/vfr_navigation-18.json,vfr_navigation-18-em07,3,8,10,knots,replaced,"SP held final airspeed at about 8 knots above the briefed value to the threshold, the small margin tracing to"
data/observations2/vfr_navigation/vfr_navigation-18.json,vfr_navigation-18-em07,1,14,15,knots,replaced,"nal airspeed inside the tolerance required at this stage, settling at about 14 knots above the briefed value after roll-out. The margin traces to a power "
data/observations2/vfr_navigation/vfr_navigation-18.json,vfr_navigation-18-tm01,3,120,,feet,skip-ambiguous: -3 number must BE C3 (spec 5.9) target=ambiguous(50/100/150),"SP arrived on initial with pattern altitude within about 120 feet and airspeed within about 7 knots of 200 KIAS, the small margin traci"
data/observations2/vfr_navigation/vfr_navigation-18.json,vfr_navigation-18-tm01,3,7,10,knots,replaced,"itial with pattern altitude within about 120 feet and airspeed within about 7 knots of 200 KIAS, the small margin tracing to the runway alignment being c"
data/observations2/vfr_navigation/vfr_navigation-18.json,vfr_navigation-18-tm01,1,280,,feet,skip-ambiguous: 1 number must BE C1 (spec 5.9) target=ambiguous(100/200/300),"the tolerance required at this stage, holding pattern altitude within about 280 feet and airspeed within about 18 knots of 200 KIAS with the alignment wit"
data/observations2/vfr_navigation/vfr_navigation-18.json,vfr_navigation-18-tm01,1,18,,knots,skip-ambiguous: at-1 number must BE C1 (spec 5.9) target=ambiguous(15/20),"e, holding pattern altitude within about 280 feet and airspeed within about 18 knots of 200 KIAS with the alignment with the landing runway established a "
data/observations2/vfr_navigation/vfr_navigation-18.json,vfr_navigation-18-tm02,3,120,,feet,skip-ambiguous: -3 number must BE C3 (spec 5.9) target=ambiguous(50/100/150),"in about 8 degrees of the value the wind required and altitude within about 120 feet through the turn, the small margin tracing to the break point being a"
data/observations2/vfr_navigation/vfr_navigation-18.json,vfr_navigation-18-tm02,1,280,,feet,skip-ambiguous: 1 number must BE C1 (spec 5.9) target=ambiguous(100/200/300),14 degrees of the value the wind required and pattern altitude within about 280 feet through the turn. The margin traces to backpressure being varied a be
data/observations2/vfr_navigation/vfr_navigation-18.json,vfr_navigation-18-tm02,1,14,15,degrees,replaced,"reak inside the tolerance required at this stage, holding bank within about 14 degrees of the value the wind required and pattern altitude within about 280 "
data/observations2/vfr_navigation/vfr_navigation-18.json,vfr_navigation-18-tm03,3,120,,feet,skip-ambiguous: -3 number must BE C3 (spec 5.9) target=ambiguous(50/100/150),"SP held downwind altitude within about 120 feet and airspeed within about 7 knots above the minimum, the small margin"
data/observations2/vfr_navigation/vfr_navigation-18.json,vfr_navigation-18-tm03,3,7,10,knots,replaced,"SP held downwind altitude within about 120 feet and airspeed within about 7 knots above the minimum, the small margin tracing to trim being completed a"
data/observations2/vfr_navigation/vfr_navigation-18.json,vfr_navigation-18-tm03,1,280,,feet,skip-ambiguous: 1 number must BE C1 (spec 5.9) target=ambiguous(100/200/300)," inside the tolerance required at this stage, holding altitude within about 280 feet and airspeed within about 18 knots above the 120 KIAS minimum. The ma"
data/observations2/vfr_navigation/vfr_navigation-18.json,vfr_navigation-18-tm03,1,18,,knots,skip-ambiguous: er must BE C1 (spec 5.9) [plus side] target=ambiguous(15/20),"his stage, holding altitude within about 280 feet and airspeed within about 18 knots above the 120 KIAS minimum. The margin traces to trim being applied i"
data/observations2/vfr_navigation/vfr_navigation-18.json,vfr_navigation-18-tm04,3,120,,feet,skip-ambiguous: -3 number must BE C3 (spec 5.9) target=ambiguous(50/100/150),"SP held downwind altitude within about 120 feet while flying a ground track close to parallel with the runway, the sm"
data/observations2/vfr_navigation/vfr_navigation-18.json,vfr_navigation-18-tm04,1,280,,feet,skip-ambiguous: 1 number must BE C1 (spec 5.9) target=ambiguous(100/200/300)," inside the tolerance required at this stage, holding altitude within about 280 feet while the drift correction and the offset into the wind were rebuilt "
data/observations2/vfr_navigation/vfr_navigation-18.json,vfr_navigation-18-tm07,3,120,,feet,skip-ambiguous: -3 number must BE C3 (spec 5.9) target=ambiguous(50/100/150),"SP decided to break out with altitude within about 120 feet and airspeed within about 7 knots of the minimum, the timing tracing "
data/observations2/vfr_navigation/vfr_navigation-18.json,vfr_navigation-18-tm07,3,7,10,knots,replaced," to break out with altitude within about 120 feet and airspeed within about 7 knots of the minimum, the timing tracing to the decision following a brief "
data/observations2/vfr_navigation/vfr_navigation-18.json,vfr_navigation-18-tm07,1,280,,feet,skip-ambiguous: 1 number must BE C1 (spec 5.9) target=ambiguous(100/200/300),"ed at this stage, deciding to break out with downwind altitude within about 280 feet and airspeed within about 18 knots of the minimum still available. Th"
data/observations2/vfr_navigation/vfr_navigation-18.json,vfr_navigation-18-tm07,1,18,,knots,skip-ambiguous: at-1 number must BE C1 (spec 5.9) target=ambiguous(15/20), out with downwind altitude within about 280 feet and airspeed within about 18 knots of the minimum still available. The timing traces to the decision bei
data/observations2/vfr_navigation/vfr_navigation-18.json,vfr_navigation-18-tm08,3,120,,feet,skip-ambiguous: -3 number must BE C3 (spec 5.9) target=ambiguous(50/100/150),"SP, as Number 2, held altitude within about 120 feet and airspeed within about 7 knots of the minimum for the recovery, th"
data/observations2/vfr_navigation/vfr_navigation-18.json,vfr_navigation-18-tm08,3,7,10,knots,replaced," as Number 2, held altitude within about 120 feet and airspeed within about 7 knots of the minimum for the recovery, the small margin tracing to the offs"
data/observations2/vfr_navigation/vfr_navigation-18.json,vfr_navigation-18-tm08,1,280,,feet,skip-ambiguous: 1 number must BE C1 (spec 5.9) target=ambiguous(100/200/300), interval after Number 1's Break and holding downwind altitude within about 280 feet and airspeed within about 18 knots of the minimum while the spacing w
data/observations2/vfr_navigation/vfr_navigation-18.json,vfr_navigation-18-tm08,1,18,,knots,skip-ambiguous: at-1 number must BE C1 (spec 5.9) target=ambiguous(15/20),d holding downwind altitude within about 280 feet and airspeed within about 18 knots of the minimum while the spacing was rebuilt. The margin traces to th
data/observations2/vfr_navigation/vfr_navigation-19.json,vfr_navigation-19-em02,3,4,,feet,skip-ambiguous: 3 number must BE C3 (spec 5.9) target=ambiguous(5/1000/1500),"SP touched down about 4 feet off the runway centerline, the small deviation tracing to a late rudd"
data/observations2/vfr_navigation/vfr_navigation-19.json,vfr_navigation-19-em02,1,14,,feet,skip-ambiguous:  number must BE C1 (spec 5.9) target=ambiguous(15/1500/2000),"centerline inside the tolerance required at this stage, touching down about 14 feet off centerline. The margin traces to the lateral correction being app"
data/observations2/vfr_navigation/vfr_navigation-19.json,vfr_navigation-19-em03,3,3,5,knots,replaced,"SP touched down about 3 knots above the computed speed, the small margin tracing to the power reduc"
data/observations2/vfr_navigation/vfr_navigation-19.json,vfr_navigation-19-em03,1,9,10,knots,replaced,"ch down speed inside the tolerance required at this stage, contacting about 9 knots above the computed touchdown speed. The margin traces to an interrupt"
data/observations2/vfr_navigation/vfr_navigation-19.json,vfr_navigation-19-em05,3,4,,feet,skip-ambiguous: 3 number must BE C3 (spec 5.9) target=ambiguous(5/1000/1500),"SP touched down about 4 feet off the runway centerline on the flaps-up landing, the small deviatio"
data/observations2/vfr_navigation/vfr_navigation-19.json,vfr_navigation-19-em05,1,14,,feet,skip-ambiguous:  number must BE C1 (spec 5.9) target=ambiguous(15/1500/2000)," deviation inside the tolerance required at this stage, touching down about 14 feet off centerline. The margin traces to alignment being left to the flar"
data/observations2/vfr_navigation/vfr_navigation-19.json,vfr_navigation-19-em06,3,3,5,knots,replaced,"SP touched down about 3 knots above the computed flaps-up speed, the small margin tracing to power "
data/observations2/vfr_navigation/vfr_navigation-19.json,vfr_navigation-19-em06,1,9,10,knots,replaced,"ch down speed inside the tolerance required at this stage, contacting about 9 knots above the computed no-flap speed. The margin traces to the flaps-down"
data/observations2/vfr_navigation/vfr_navigation-19.json,vfr_navigation-19-tm01,3,850,,feet,skip-ambiguous: 3 number must BE C3 (spec 5.9) target=ambiguous(5/1000/1500),SP touched down about 850 feet from the beginning of the runway within 3 knots of the touchdown spee
data/observations2/vfr_navigation/vfr_navigation-19.json,vfr_navigation-19-tm01,3,3,,knots,skip-ambiguous: at-3 number must BE C3 (spec 5.9) target=ambiguous(0/5),"SP touched down about 850 feet from the beginning of the runway within 3 knots of the touchdown speed, the small margin tracing to the aim point shi"
data/observations2/vfr_navigation/vfr_navigation-19.json,vfr_navigation-19-tm01,1,9,10,knots,replaced,and touching down about 1480 feet from the beginning of the runway at about 9 knots above the touchdown speed. The margin traces to the aim point shift s
data/observations2/vfr_navigation/vfr_navigation-19.json,vfr_navigation-19-tm02,3,850,,feet,skip-ambiguous: 3 number must BE C3 (spec 5.9) target=ambiguous(5/1000/1500),SP touched down about 850 feet from the beginning of the runway within 3 knots of the touchdown spee
data/observations2/vfr_navigation/vfr_navigation-19.json,vfr_navigation-19-tm02,3,3,,knots,skip-ambiguous: at-3 number must BE C3 (spec 5.9) target=ambiguous(0/5),"SP touched down about 850 feet from the beginning of the runway within 3 knots of the touchdown speed, the small margin tracing to the PCL being con"
data/observations2/vfr_navigation/vfr_navigation-19.json,vfr_navigation-19-tm02,1,9,10,knots,replaced,and touching down about 1480 feet from the beginning of the runway at about 9 knots above the touchdown speed. The margin traces to the N1 reduction from
data/observations2/vfr_navigation/vfr_navigation-19.json,vfr_navigation-19-tm03,3,4,,feet,skip-ambiguous: 3 number must BE C3 (spec 5.9) target=ambiguous(5/1000/1500),"SP kept the aircraft within about 4 feet of the centerline through the landing roll, the small margin tracing "
data/observations2/vfr_navigation/vfr_navigation-19.json,vfr_navigation-19-tm04,3,4,,feet,skip-ambiguous: 3 number must BE C3 (spec 5.9) target=ambiguous(5/1000/1500),"SP kept the aircraft within about 4 feet of the centerline through braking, the small margin tracing to a deve"
data/observations2/vfr_navigation/vfr_navigation-19.json,vfr_navigation-19-tm05,3,4,,feet,skip-ambiguous: 3 number must BE C3 (spec 5.9) target=ambiguous(5/1000/1500),"SP kept the aircraft within about 4 feet of the centerline until the turn was started, the small margin tracin"
data/observations2/vfr_navigation/vfr_navigation-19.json,vfr_navigation-19-tm06,3,850,,feet,skip-ambiguous: 3 number must BE C3 (spec 5.9) target=ambiguous(5/1000/1500)," the flare against the published go-around triggers and landed within about 850 feet from the beginning of the runway in the correct attitude, the small m"
data/observations2/vfr_navigation/vfr_navigation-19.json,vfr_navigation-19-tm07,3,850,,feet,skip-ambiguous: 3 number must BE C3 (spec 5.9) target=ambiguous(5/1000/1500),"imum of 5 seconds after the Break and landed on the centerline within about 850 feet from the beginning of the runway, the small margin tracing to the dow"
data/observations2/vfr_navigation/vfr_navigation-20.json,vfr_navigation-20-em01,3,120,150,feet,replaced,"SP held the assigned altitude within about 120 feet through the procedure, the small excursion tracing to the lead point "
data/observations2/vfr_navigation/vfr_navigation-20.json,vfr_navigation-20-em01,1,280,300,feet,replaced," the tolerance required at this stage, with the deviation settling at about 280 feet near each level-off. The margin traces to the vertical velocity trend"
data/observations2/vfr_navigation/vfr_navigation-20.json,vfr_navigation-20-em03,3,3,5,degrees,replaced,"SP held the assigned heading within about 3 degrees on the turns flown, the small margin tracing to bank being eased a mo"
data/observations2/vfr_navigation/vfr_navigation-20.json,vfr_navigation-20-em03,1,9,10,degrees,replaced,"gned heading inside the tolerance required at this stage, settling at about 9 degrees off after roll-out from a turn. The margin traces to the roll-out hea"
